Program,Specialty,Code,Quota,Matched,Unfilled
NRMP,Program,Results,2024,Main,Residency,Match®,ALABAMA,Dermatology,1007080A0,5,5,Emergency,Medicine,1007110C0,12,12,Baptist,Outreach,Services-AL,Internal,Medicine,1007140C0,38,38,Montgomery,Code,Quota,Matched,Int,Med/ABIM,Research,Pathway,1007140C2,1,0,Neurological,Surgery,1007160C0,3,3,Family,Medicine,3082120C0,8,8,Neurology,1007180C0,9,9,Brookwood,Baptist,Health-AL,Child,Neurology,1007185C0,2,2,Birmingham,Code,Quota,Matched,Obstetrics-Gynecology,1007220C0,8,8,Orthopaedic,Surgery,1007260C0,6,6,Internal,Medicine,1903140C0,10,10,Otolaryngology,1007280C0,4,4,Medicine-Preliminary,1903140P0,3,3,Pathology,1007300C0,7,7,Radiology-Diagnostic,1903420C0,4,4,Pediatrics,1007320C0,24,24,General,Surgery,1903440C0,5,5,Phys,Medicine,&,Rehab,1007340C0,4,4,Surgery-Preliminary,1903440P0,5,4,Plastic,Surgery,(Integrated),1007362C0,2,2,Transitional,1903999P0,20,19,Psychiatry,1007400C0,8,8,Cahaba,Medical,Care-AL,Psychiatry/Research,1007400C1,2,2,Centreville,Code,Quota,Matched,Interventional,Radiology,(Integ),1007416A0,2,2,Radiology-Diagnostic,1007420A0,9,9,Family,Medicine/Rural,1590120C0,5,1,Radiation,Oncology,1007430A0,3,2,Family,Medicine/Urban,1590120C1,7,7,General,Surgery,1007440C0,6,6,Family,Medicine/Frontier,1590120C2,4,4,Gen,Surg/Integ,4/3,CT,Surgery,1007440C1,1,1,Family,Medicine/Highlands,1590120C3,4,3,Surgery-Preliminary,1007440P2,2,0,East,Alabama,Med,Ctr,Vascular,Surgery,1007451C0,1,1,Opelika,Code,Quota,Matched,Medicine-Pediatrics,1007700C0,4,4,Pediatrics-Medical,Genetics,1007765C0,1,0,Internal,Medicine,2265140C0,10,10,U,Alabama,SOM-Huntsville,Jack,Hughston,Memorial,Hosp-AL,Phenix,City,Code,Quota,Matched,Huntsville,Code,Quota,Matched,Family,Medicine,2947120C0,12,11,Orthopaedic,Surgery,2233260C0,3,3,Internal,Medicine,2947140C0,9,9,Jackson,Hospital,&,Clinic-AL,U,Alabama,SOM-Montgomery,Montgomery,Code,Quota,Matched,Montgomery,Code,Quota,Matched,Family,Medicine,2357120C0,6,6,Internal,Medicine,1009140C0,7,7,Mobile,Infirmary,Med,Ctr-AL,Medicine-Preliminary,1009140P0,5,1,Mobile,Code,Quota,Matched,U,South,Alabama,Hospitals,Internal,Medicine,2405140C0,25,25,Mobile,Code,Quota,Matched,Medicine-Preliminary,2405140P0,10,6,Emergency,Medicine,1852110C0,6,6,North,Alabama,Med,Ctr,Family,Medicine,1852120C0,6,4,Florence,Code,Quota,Matched,Internal,Medicine,1852140C0,18,18,Medicine-Preliminary,1852140P0,6,4,Internal,Medicine,2239140C0,19,19,Neurology,1852180C0,5,5,Psychiatry,2239400C0,5,5,Obstetrics-Gynecology,1852220C0,4,4,Southeast,Health-AL,Orthopaedic,Surgery,1852260C0,3,3,Dothan,Code,Quota,Matched,Pathology,1852300C0,3,3,Pediatrics,1852320C0,12,10,Internal,Medicine,2132140C0,16,16,Psychiatry,1852400C0,5,5,Transitional,2132999P0,12,10,Radiology-Diagnostic,1852420A0,6,6,St,Vincents,East-AL,Radiology-Diagnostic,1852420R0,1,1,Birmingham,Code,Quota,Matched,General,Surgery,1852440C0,6,6,Surgery-Preliminary,1852440P0,4,2,Family,Medicine,3060120C0,8,8,Medicine-Pediatrics,1852700C0,2,2,Thomas,Hospital-AL,UAB,Selma,Fam,Med,Res-AL,Fairhope,Code,Quota,Matched,Selma,Code,Quota,Matched,Internal,Medicine,2271140C0,14,7,Family,Medicine,3061120C0,5,5,U,Alabama,CCHS-Tuscaloosa,ALASKA,Tuscaloosa,Code,Quota,Matched,Providence,Hospital-AK,Family,Medicine,2955120C0,16,11,Anchorage,Code,Quota,Matched,U,Alabama,Med,Ctr-Birmingham,Family,Medicine,1313120C0,12,7,Birmingham,Code,Quota,Matched,Anesthesiology,1007040C0,20,20,Anesthesiology/Research,1007040C1,1,1,Results,and,Data,2024,Main,Residency,Match®,82
NRMP,Program,Results,2024,Main,Residency,Match®,U,Washington,Soldotna-AK,Radiology-Diagnostic,3200420C0,6,6,Radiation,Oncology,3200430C0,1,1,Soldotna,Code,Quota,Matched,General,Surgery,3200440C0,5,5,Medicine-Primary/Rural,2397140M0,2,2,Surgery-Preliminary,3200440P0,4,4,ARIZONA,Midwestern,University,OPTI-AZ,Abrazo,Health,Network-AZ,Phoenix,Code,Quota,Matched,Phoenix,Code,Quota,Matched,Emergency,Medicine/Kingman,2156110C0,6,6,Family,Medicine/Sierra,Vista,2156120C0,4,3,Emergency,Medicine,2002110C0,6,6,Family,Medicine/Kingman,2156120C1,5,5,Family,Medicine,2002120C0,7,7,Family,Medicine/Mesa,2156120C2,5,5,Internal,Medicine,2002140C0,16,16,Internal,Medicine/Cottonwood,2156140C0,5,4,General,Surgery,2002440C0,4,4,Internal,Medicine/Mesa,2156140C1,5,5,Transitional,2002999P0,15,15,Internal,Medicine/Sierra,Vista,2156140C2,5,5,Barrow,Neurological,Inst,at,SJHMC-AZ,General,Surgery/Mesa,2156440C0,3,3,Phoenix,Code,Quota,Matched,North,Country,HealthCare-AZ,Neurological,Surgery,1012160C0,4,4,Flagstaff,Code,Quota,Matched,Neurology,1012180C0,9,9,Family,Medicine,2243120C0,4,4,Creighton,University-AZ,Phoenix,Childrens,Hospital-AZ,Phoenix,Code,Quota,Matched,Phoenix,Code,Quota,Matched,Emergency,Medicine,2154110C0,16,16,Child,Neurology,2952185C0,3,3,Family,Medicine,2154120C0,8,8,Child,Neurology,2952185R0,1,0,Internal,Medicine,2154140C0,26,26,Pediatrics,2952320C0,36,36,Medicine-Preliminary,2154140P0,7,7,Obstetrics-Gynecology,2154220C0,8,8,Tucson,Hospitals,Med,Ed-AZ,Ob-Gyn/Preliminary,2154220P0,1,1,Tucson,Code,Quota,Matched,Psychiatry,2154400C0,7,7,Internal,Medicine,1014140C0,6,6,Radiology-Diagnostic,2154420A0,8,8,Pediatrics,1014320C0,4,3,General,Surgery,2154440C2,8,8,Transitional,1014999P0,13,13,Surgery-Preliminary,2154440P2,12,3,U,Arizona,COM-Phoenix,Dignity,East,Valley-AZ,Chandler,Code,Quota,Matched,Phoenix,Code,Quota,Matched,Family,Medicine,1011120C0,8,8,Emergency,Medicine,2346110C0,8,8,Family,Medicine,1011120C1,6,3,Family,Medicine,2346120C0,6,6,Internal,Medicine,1011140C0,24,24,Internal,Medicine,2346140C0,10,10,Internal,Med/Integ,Geriatrics,AIRE,1011140C1,0,0,Medicine-Preliminary,2346140P0,3,3,Medicine-Primary,1011140M0,1,1,General,Surgery,2346440C0,3,3,Medicine-Preliminary,1011140P0,8,8,Surgery-Preliminary,2346440P0,3,1,Neurology,1011180C0,4,4,HonorHealth-AZ,Obstetrics-Gynecology,1011220C0,9,9,Scottsdale,Code,Quota,Matched,Orthopaedic,Surgery,1011260C0,4,4,Psychiatry,1011400C0,6,6,Dermatology,1929080A0,2,2,Interventional,Radiology,(Integ),1011416A0,2,2,Family,Medicine/Osborn,1929120C0,9,9,General,Surgery,1011440C0,7,7,Internal,Med/Thompson,Peak,1929140C0,6,6,General,Surgery/Rural,1011440C1,1,1,Med-Prelim/Dermatology,1929140P2,2,2,Surgery-Preliminary,1011440P1,5,3,Phys,Medicine,&,Rehab,1929340C0,4,4,Medicine-Pediatrics,1011700C0,6,6,General,Surgery/Lincoln,1929440C0,4,4,U,Arizona,COM-South,Campus,MHC,Healthcare-AZ,Marana,Code,Quota,Matched,Tucson,Code,Quota,Matched,Emergency,Medicine,1371110C0,7,7,Family,Medicine,2356120C0,4,4,Family,Medicine,1371120C0,8,8,Mayo,Clinic,School,of,Grad,Med,Educ-AZ,U,Arizona,COM-Tucson,Scottsdale,Code,Quota,Matched,Tucson,Code,Quota,Matched,Anesthesiology,3200040A0,1,1,Anesthesiology,1015040A0,6,6,Anesthesiology,3200040C0,5,5,Anesthesiology,1015040C0,6,6,Dermatology,3200080C0,2,2,Anesthesiology,1015040R0,1,1,Internal,Medicine,3200140C0,15,15,Dermatology,1015080A2,2,2,Neurological,Surgery,3200160C0,1,1,Emergency,Medicine,1015110C0,14,14,Neurology,3200180C0,5,5,Family,Medicine,1015120C0,8,8,Orthopaedic,Surgery,3200260C0,3,3,Internal,Medicine,1015140C0,38,38,Otolaryngology,3200280C0,3,3,Medicine-Preliminary,1015140P0,4,3,Plastic,Surgery,(Integrated),3200362C0,2,2,Results,and,Data,2024,Main,Residency,Match®,83
NRMP,Program,Results,2024,Main,Residency,Match®,U,Arizona,COM-Tucson,(Continued),Orthopaedic,Surgery,1018260C0,5,5,Otolaryngology,1018280C0,3,3,Neurological,Surgery,1015160C0,1,1,Pathology,1018300C0,4,4,Neurology,1015180C0,6,6,Pediatrics,1018320C0,25,25,Obstetrics-Gynecology,1015220C0,4,4,Phys,Medicine,&,Rehab,1018340C0,4,4,Orthopaedic,Surgery,1015260C0,4,4,Psychiatry,1018400C0,8,8,Otolaryngology,1015280C0,2,2,Interventional,Radiology,(Integ),1018416C0,1,1,Pathology,1015300C0,5,5,Radiology-Diagnostic,1018420C0,7,7,Pediatrics,1015320C0,16,9,Radiation,Oncology,1018430A0,1,0,Psychiatry,1015400C0,12,12,General,Surgery,1018440C0,5,5,Interventional,Radiology,(Integ),1015416A0,1,1,Surgery-Preliminary,1018440P0,5,2,Radiology-Diagnostic,1015420A0,9,9,Vascular,Surgery,1018451C0,1,1,Radiation,Oncology,1015430A0,1,1,Medicine-Pediatrics,1018700C0,5,5,General,Surgery,1015440C0,8,8,U,Arkansas-Fayetteville,Comm,Progs,Surgery-Preliminary,1015440P0,12,12,Vascular,Surgery,1015451C0,1,1,Fayetteville,Code,Quota,Matched,Pediatrics-Emergency,Med,1015725C0,3,3,Internal,Medicine,1871140C0,11,9,Yuma,Regional,Med,Ctr-AZ,UAMS,Regional,Centers-AR,Yuma,Code,Quota,Matched,Fayetteville,Code,Quota,Matched,Family,Medicine,1488120C1,10,9,Family,Medicine/Fayetteville,1582120C0,9,9,ARKANSAS,Family,Medicine/Fort,Smith,1582120C1,9,5,Family,Medicine/Jonesboro,1582120C2,8,3,Arkansas,Coll,Osteo,Med,Family,Medicine/Pine,Bluff,1582120C4,9,9,Fort,Smith,Code,Quota,Matched,Family,Medicine/Texarkana,1582120C5,8,5,Family,Medicine/Mercy-Ft,Smith,2295120C0,8,8,Family,Medicine/Batesville,1582120C6,6,2,Internal,Medicine/Mercy-Ft,Smith,2295140C1,13,13,Family,Medicine,1582120C7,2,0,Family,Medicine/Rural,1582120C8,3,1,Baptist,Health-AR,Internal,Medicine,1582140C0,8,8,North,Little,Rock,Code,Quota,Matched,Unity,Health-AR,Family,Medicine,2198120C0,11,11,Internal,Medicine,2198140C0,15,15,Searcy,Code,Quota,Matched,Psychiatry,2198400C0,6,6,Emergency,Medicine,2104110C0,6,6,Transitional,2198999P0,12,12,Family,Medicine,2104120C0,6,2,Internal,Medicine,2104140C0,12,3,Baptist,Mem,Med,Education-AR,Psychiatry,2104400C0,5,5,Jonesboro,Code,Quota,Matched,Transitional,2104999P0,13,1,Internal,Medicine,2269140C0,8,4,White,River,Health,System-AR,CHI,St,Vincent,Hot,Springs-AR,Batesville,Code,Quota,Matched,Hot,Springs,Code,Quota,Matched,Internal,Medicine,1991140C0,10,10,Internal,Medicine,2277140C0,12,11,CALIFORNIA,Conway,Reg,Health,Sys-AR,Adventist,Health,Glendale-CA,Conway,Code,Quota,Matched,Glendale,Code,Quota,Matched,Family,Medicine,2250120C0,4,4,Family,Medicine,1023120C0,8,8,Family,Medicine/Rural,2250120C1,2,1,Adventist,Health,Hanford-CA,Internal,Medicine,2250140C0,5,5,St,Bernards,Med,Ctr-AR,Hanford,Code,Quota,Matched,Family,Medicine,2029120C0,6,6,Jonesboro,Code,Quota,Matched,Family,Medicine/Tulare,2029120C1,10,10,Internal,Medicine,2214140C0,8,8,Family,Medicine/Sonora,RTT,2029120C2,4,2,U,Arkansas,COM-Little,Rock,Internal,Medicine,2029140C0,4,4,Little,Rock,Code,Quota,Matched,Adventist,Health,Ukiah,Valley-CA,Anesthesiology,1018040C0,13,13,Ukiah,Code,Quota,Matched,Anesthesiology,1018040R0,2,2,Family,Medicine,2180120C0,6,6,Dermatology,1018080C0,3,3,Adventist,Health,White,Memorial-CA,Emergency,Medicine,1018110C0,10,10,Family,Medicine,1018120C0,6,6,Los,Angeles,Code,Quota,Matched,Internal,Medicine,1018140C0,21,21,Family,Medicine,1040120C0,8,8,Neurological,Surgery,1018160C0,2,2,Internal,Medicine,1040140C0,6,6,Neurology,1018180C0,4,4,Medicine-Preliminary,1040140P0,4,2,Child,Neurology,1018185C0,1,1,Obstetrics-Gynecology,1040220C0,5,5,Obstetrics-Gynecology,1018220C0,5,5,Results,and,Data,2024,Main,Residency,Match®,84
NRMP,Program,Results,2024,Main,Residency,Match®,Alameda,Health,Sys-Highland,Hosp-CA,Charles,R,Drew,University-CA,Oakland,Code,Quota,Matched,Los,Angeles,Code,Quota,Matched,Emergency,Medicine,1041110C0,11,11,Family,Medicine,2114120C0,8,8,Internal,Medicine,1041140C0,15,15,Internal,Medicine,2114140C0,8,8,Medicine-Primary,1041140M0,5,5,Psychiatry,2114400C0,6,6,Medicine-Preliminary,1041140P0,10,10,Childrens,Hospital-LA-CA,AltaMed,Health,Services-CA,Los,Angeles,Code,Quota,Matched,Commerce,Code,Quota,Matched,Child,Neurology,1031185C0,3,3,Family,Medicine,2236120C0,6,6,Child,Neurology,1031185R0,1,1,Arrowhead,Reg,Med,Ctr-CA,Pediatrics,1031320C0,35,35,Childrens,Hospital-Oakland-CA,Colton,Code,Quota,Matched,Emergency,Medicine,1047110C0,11,11,Oakland,Code,Quota,Matched,Family,Medicine,1047120C0,16,14,Pediatrics,1939320C0,31,26,Internal,Medicine,1047140C0,16,16,Peds-Prelim/Child,Neurology,1939320P0,1,1,Neurology,1047180C0,2,2,City,Of,Hope-CA,Obstetrics-Gynecology,1047220C0,4,4,Psychiatry,1047400C0,7,7,Duarte,Code,Quota,Matched,Radiology-Diagnostic,1047420A0,2,2,Radiation,Oncology,1183430A0,1,1,General,Surgery,1047440C0,5,5,Clinica,Sierra,Vista-CA,Surgery-Preliminary,1047440P0,2,0,Bakersfield,Code,Quota,Matched,CA,Pacific,Med,Center,Family,Medicine,1708120C0,8,8,San,Francisco,Code,Quota,Matched,Community,Mem,Health,Sys-CA,Internal,Medicine,1061140C0,14,14,Medicine-Preliminary,1061140P0,12,7,Ventura,Code,Quota,Matched,Med-Prelim/Neurology,1061140P1,0,0,Family,Medicine,2018120C0,8,8,Med-Prelim/Ophthalmology,1061140P2,3,3,Internal,Medicine,2018140C0,8,6,Med-Prelim/Anesthesiology,1061140P3,2,2,Orthopaedic,Surgery,2018260C0,4,4,Psychiatry,1061400C0,5,5,Psychiatry,2018400C0,4,4,California,Hosp,Med,Ctr,General,Surgery,2018440C0,3,3,Contra,Costa,Reg,Med,Ctr-CA,Los,Angeles,Code,Quota,Matched,Family,Medicine,2092120C0,8,8,Martinez,Code,Quota,Matched,Casa,Colina,Hosp-CA,Family,Medicine,2071120C0,13,13,Desert,Regional,Med,Ctr-CA,Pomona,Code,Quota,Matched,Phys,Medicine,&,Rehab,2151340A0,3,3,Palm,Springs,Code,Quota,Matched,Cedars-Sinai,Med,Ctr-CA,Emergency,Medicine,2131110C0,10,10,Family,Medicine,2131120C0,12,12,West,Hollywood,Code,Quota,Matched,General,Surgery,2131440C0,3,3,Anesthesiology,1030040C0,17,17,Dignity,Methodist,Hosp-Sacramento-CA,Internal,Medicine,1030140C0,22,22,Internal,Medicine/PSTP,1030140C1,2,2,Sacramento,Code,Quota,Matched,Medicine-Primary,1030140M0,7,7,Family,Medicine,1140120C0,8,8,Medicine-Preliminary,1030140P0,3,3,Family,Medicine/Sierra,Nevada,1140120C1,2,2,Med-Prelim/Neurology,1030140P1,4,4,Dignity,Northridge,Hosp,Med,Ctr-CA,Neurological,Surgery,1030160C0,2,2,Neurology,1030180A0,4,4,Northridge,Code,Quota,Matched,Neurology/PSTP,1030180A1,1,1,Family,Medicine,3036120C1,8,8,Obstetrics-Gynecology,1030220C0,7,7,Eisenhower,Med,Ctr-CA,Orthopaedic,Surgery,1030260C0,5,5,Otolaryngology,1030280C0,2,2,Rancho,Mirage,Code,Quota,Matched,Pathology,1030300C0,4,4,Emergency,Medicine,1485110C0,10,10,Pediatrics,1030320C0,8,8,Family,Medicine,1485120C0,12,11,Radiology-Diagnostic,1030420A0,3,3,Internal,Medicine,1485140C0,20,20,Radiation,Oncology,1030430A0,1,1,Emanate,Health-CA,General,Surgery,1030440C0,6,6,Surgery-Preliminary,1030440P0,3,3,West,Covina,Code,Quota,Matched,Thoracic,Surgery,1030461C0,2,2,Family,Medicine,1974120C0,8,7,Results,and,Data,2024,Main,Residency,Match®,85
NRMP,Program,Results,2024,Main,Residency,Match®,Family,Health,Ctrs,of,San,Diego-CA,Pediatrics,2055320C0,8,8,Interventional,Radiology,(Integ),2055416C0,1,1,San,Diego,Code,Quota,Matched,Radiology-Diagnostic,2055420C0,2,2,Family,Medicine,1682120C0,7,7,Radiation,Oncology,2055430A0,2,1,Psychiatry/Adult,1682400C0,4,4,General,Surgery,2055440C0,4,4,Harbor-UCLA,Med,Ctr-CA,Surgery-Preliminary,2055440P0,5,4,Kaiser,Permanente-Napa/Solano-CA,Torrance,Code,Quota,Matched,Anesthesiology,1067040C0,9,9,Vallejo,Code,Quota,Matched,Dermatology,1067080A0,2,2,Family,Medicine,1637120C0,6,6,Emergency,Medicine,1067110C0,16,16,Kaiser,Permanente-Oakland-CA,Family,Medicine,1067120C0,12,12,Internal,Medicine,1067140C0,17,17,Oakland,Code,Quota,Matched,Medicine-Preliminary,1067140P0,11,8,Internal,Medicine,1042140C0,10,10,Med-Prelim/Radiology,1067140P1,1,1,Internal,Medicine/MPH,1042140C1,2,2,Neurology,1067180C0,5,5,Med-Primary/Equity,&,Disparities,1042140M0,1,1,Obstetrics-Gynecology,1067220C0,6,6,Medicine-Preliminary,1042140P0,7,5,Orthopaedic,Surgery,1067260C0,5,5,Obstetrics-Gynecology,1042220C0,6,6,Pathology,1067300C0,4,4,Otolaryngology,1042280C0,2,2,Pediatrics,1067320C0,10,10,Pediatrics,1042320C0,10,4,Psychiatry,1067400C0,7,7,Pediatrics/MPH,1042320C1,0,0,Radiology-Diagnostic,1067420A0,6,6,Psychiatry/East,Bay,1042400C0,6,6,General,Surgery,1067440C0,6,6,Kaiser,Permanente-Orange,Co-CA,Surgery-Preliminary,1067440P0,8,2,Surg-Prelim/Radiology,1067440P2,0,0,Santa,Ana,Code,Quota,Matched,Vascular,Surgery,1067451C0,1,1,Family,Medicine,1073120C0,8,8,Healthy,Rural,California,Kaiser,Permanente-Riverside-CA,Chico,Code,Quota,Matched,Riverside,Code,Quota,Matched,Psychiatry,2396400C0,4,4,Family,Medicine,3620120C0,6,6,Huntington,Memorial,Hosp-CA,Kaiser,Permanente-SF-CA,Pasadena,Code,Quota,Matched,San,Francisco,Code,Quota,Matched,Internal,Medicine,1044140C0,8,8,Internal,Medicine,1959140C0,11,8,Medicine-Preliminary,1044140P0,4,4,Medicine-Preliminary,1959140P0,8,8,General,Surgery,1044440C0,4,4,Med-Prelim/Stanford-Anesth,1959140P1,0,0,John,Muir,Health-CA,Obstetrics-Gynecology,1959220C0,4,4,Medicine-Preventive,Med,1959751C0,0,0,Walnut,Creek,Code,Quota,Matched,Kaiser,Permanente-Sacramento,Valley-CA,Family,Medicine,1917120C0,8,8,Sacramento,Code,Quota,Matched,KPC,Health,Hemet,Valley,Med,Ctr-CA,Family,Medicine,2273120C0,6,6,Corona,Code,Quota,Matched,Fam,Med/Accelerated,Competency,2273120C1,0,0,Transitional,2124999P0,18,18,Kaiser,Permanente-San,Diego-CA,Kaiser,Permanente-Central,Valley-CA,San,Diego,Code,Quota,Matched,Modesto,Code,Quota,Matched,Emergency,Medicine,1454110C0,6,6,Emergency,Medicine,2272110C0,8,8,Family,Medicine,1454120C0,6,6,Kaiser,Permanente-Fontana-CA,Kaiser,Permanente-San,Jose-CA,Fontana,Code,Quota,Matched,San,Jose,Code,Quota,Matched,Family,Medicine,2037120C0,9,9,Family,Medicine,2119120C0,6,6,Internal,Medicine,2037140C0,8,8,Psychiatry,2119400C0,6,6,Medicine-Preliminary,2037140P0,3,3,Kaiser,Permanente-Santa,Clara-CA,Psychiatry,2037400C0,6,6,Santa,Clara,Code,Quota,Matched,Kaiser,Permanente-Los,Angeles-CA,Internal,Medicine,2135140C0,12,12,Pasadena,Code,Quota,Matched,Medicine-Primary/CHOICE,2135140M0,4,2,Dermatology,2055080C0,2,2,Medicine-Preliminary,2135140P0,4,4,Family,Med/LA,Med,Ctr,2055120C0,9,9,Obstetrics-Gynecology,2135220C0,6,6,Internal,Medicine,2055140C0,12,12,Internal,Med/Research,2055140C2,1,1,Medicine-Preliminary,2055140P0,5,5,Neurology,2055180C0,3,3,Obstetrics-Gynecology,2055220C0,5,5,Results,and,Data,2024,Main,Residency,Match®,86
NRMP,Program,Results,2024,Main,Residency,Match®,Kaiser,Permanente-Santa,Rosa-CA,Radiology-Diagnostic,1024420A0,8,8,Radiation,Oncology,1024430A0,2,2,Santa,Rosa,Code,Quota,Matched,General,Surgery,1024440C0,4,4,Family,Medicine,2115120C0,6,6,Gen,Surg/Dedicated,Research,1024440C1,3,3,Kaiser,Permanente-Woodland,Hills-CA,Surgery-Preliminary,1024440P0,8,8,Vascular,Surgery,1024451C0,1,1,Woodland,Hills,Code,Quota,Matched,Thoracic,Surgery-Integrated,1024461C0,1,1,Family,Medicine,1001120C0,6,6,Medicine-Pediatrics,1024700C0,4,4,Kaweah,Delta,Health,Care,District-CA,Transitional,1024999P0,5,5,Transitional/Preventive,Med,1024999P1,4,4,Visalia,Code,Quota,Matched,Transitional/Occupational,Med,1024999P2,1,1,Anesthesiology,1572040C0,4,4,Long,Beach,Mem,Med,Ctr-CA,Emergency,Medicine,1572110C0,13,13,Family,Medicine,1572120C0,7,7,Long,Beach,Code,Quota,Matched,Psychiatry,1572400C0,8,8,Family,Medicine,1027120C0,8,8,General,Surgery,1572440C0,3,3,Los,Robles,Health,System-CA,Surgery-Preliminary,1572440P0,2,0,Transitional,1572999P0,12,12,Thousand,Oaks,Code,Quota,Matched,Keck,Medicine-CA,Anesthesiology,2264040C0,6,6,Emergency,Medicine,2264110C0,6,5,Los,Angeles,Code,Quota,Matched,Internal,Medicine,2264140C0,20,20,Family,Medicine,2284120C0,6,6,Neurology,2264180C0,3,3,Kern,Med,Ctr-CA,General,Surgery,2264440C0,3,3,Transitional,Year,2264999P0,13,13,Bakersfield,Code,Quota,Matched,MLK,Jr,Community,Hospital,Emergency,Medicine,1921110C0,7,2,Internal,Medicine,1921140C0,12,12,Los,Angeles,Code,Quota,Matched,Obstetrics-Gynecology,1921220C0,4,4,Internal,Medicine,2311140C0,5,5,Psychiatry,1921400C0,6,6,Marian,Regional,Med,Ctr-CA,Psychiatry/Child,&,Adolescent,1921400C1,1,1,Santa,Maria,Code,Quota,Matched,Lifelong,Medical,Care-CA,Family,Medicine,1690120C0,6,6,Berkeley,Code,Quota,Matched,Obstetrics-Gynecology,1690220C0,3,3,Family,Medicine,2217120C0,6,6,Mercy,Med,Ctr-Merced-CA,Loma,Linda,Univ,Med,Ctr-Murrieta-CA,Merced,Code,Quota,Matched,Murrieta,Code,Quota,Matched,Family,Medicine,3080120C0,8,8,Family,Medicine,2251120C0,12,12,Mercy,Med,Ctr-Redding-CA,Internal,Medicine,2251140C0,6,6,Redding,Code,Quota,Matched,Loma,Linda,University-CA,Family,Medicine/MFHC,3081120C0,6,4,Loma,Linda,Code,Quota,Matched,Mission,Community,Hosp-CA,Anesthesiology,1024040C0,16,16,Anesthesiology,1024040R0,1,1,Panorama,"City,",Code,Quota,Matched,Dermatology,1024080A0,3,3,Family,Medicine,2344120C0,8,8,Emergency,Medicine,1024110C0,16,16,Psychiatry,2344400C0,6,6,Family,Medicine,1024120C0,9,9,Natividad,Med,Ctr-CA,Internal,Medicine,1024140C0,28,28,Medicine-Primary,1024140M0,5,5,Salinas,Code,Quota,Matched,Medicine-Preliminary,1024140P0,11,11,Family,Medicine,2971120C0,10,10,Neurological,Surgery,1024160C0,1,1,North,East,Medical,Services-CA,Neurology,1024180C0,4,4,Child,Neurology,1024185C0,1,1,Daly,City,Code,Quota,Matched,Obstetrics-Gynecology,1024220C0,9,9,Medicine-Primary,2349140M0,5,5,Orthopaedic,Surgery,1024260C0,5,5,Olive,View-UCLA,Med,Ctr-CA,Otolaryngology,1024280C0,4,4,Pathology,1024300C0,3,3,Sylmar,Code,Quota,Matched,Pediatrics,1024320C0,23,23,Internal,Medicine,2950140C0,21,21,Pediatrics-Primary,1024320M0,4,4,Medicine-Preliminary,2950140P0,4,4,Phys,Medicine,&,Rehab,1024340A0,1,1,Med-Prelim/Neurology,2950140P2,3,3,Phys,Medicine,&,Rehab,1024340C0,4,4,Med-Prelim/Ophthalmology,2950140P3,7,7,Plastic,Surgery,(Integrated),1024362C0,2,2,Psychiatry,2950400C0,7,7,Psychiatry,1024400C0,10,10,Psychiatry/CAP,1024400C2,2,2,Interventional,Radiology,(Integ),1024416A0,2,2,Results,and,Data,2024,Main,Residency,Match®,87
NRMP,Program,Results,2024,Main,Residency,Match®,PIH,Health,Hosp,Downey-CA,Internal,Medicine,1021140C0,11,11,General,Surgery,1021440C0,4,4,Downey,Code,Quota,Matched,Surgery-Preliminary,1021440P1,1,1,Family,Medicine,2215120C0,7,7,San,Mateo,Behavioral,Hlth,&,Recovery,Svcs-CA,Pomona,Valley,Hosp-CA,San,Mateo,Code,Quota,Matched,Pomona,Code,Quota,Matched,Psychiatry,1010400C0,4,4,Family,Medicine,1350120C0,6,6,San,Ysidro,Health-CA,Presby,Intercommunity,Hosp-CA,San,Ysidro,Code,Quota,Matched,Whittier,Code,Quota,Matched,Internal,Medicine,2220140C0,6,6,Family,Medicine,2013120C0,5,2,Santa,Barbara,Cottage,Hosp-CA,Fam,Med/Tropical,Med,2013120C1,0,0,Fam,Med/Chronic,Dz,Mgmt,2013120C2,1,1,Santa,Barbara,Code,Quota,Matched,Prime,West,Consortium-CA,Internal,Medicine,1064140C0,10,10,Medicine-Preliminary,1064140P0,5,5,Ontario,Code,Quota,Matched,Pediatrics,1064320C0,6,6,Family,Medicine/Chino,Valley,2150120C0,5,5,Radiology-Diagnostic,1064420A0,4,4,Family,Medicine/Desert,Valley,2150120C1,6,6,General,Surgery,1064440C0,4,4,Internal,Medicine/Centinela,2150140C0,12,12,Santa,Clara,Valley,Med,Ctr-CA,Internal,Medicine/West,Anaheim,2150140C1,7,7,Internal,Medicine/Shasta,2150140C2,8,8,San,Jose,Code,Quota,Matched,Internal,Medicine/Desert,Valley,2150140C3,8,8,Internal,Medicine,1063140C0,18,18,Riverside,Community,Hospital-CA,Medicine-Preliminary,1063140P0,4,4,Med-Prelim/Neurology,1063140P1,4,4,Riverside,Code,Quota,Matched,Obstetrics-Gynecology,1063220C0,4,4,Anesthesiology,1877040C0,8,8,Radiology-Diagnostic,1063420A0,3,3,Emergency,Medicine,1877110C0,13,13,Transitional,1063999P0,12,11,Family,Medicine,1877120C0,8,8,Scripps,Clinic/Green,Hospital-CA,Internal,Medicine,1877140C0,17,17,Medicine-Preliminary,1877140P0,7,7,La,Jolla,Code,Quota,Matched,Neurology,1877180C0,4,4,Internal,Medicine,1340140C0,15,15,Obstetrics-Gynecology,1877220C0,4,4,Scripps,Mercy,Hosp-Chula,Vista-CA,Radiology-Diagnostic,1877420A0,5,5,General,Surgery,1877440C0,3,3,Chula,Vista,Code,Quota,Matched,Transitional,1877999P0,13,13,Family,Medicine,1375120C0,9,9,Riverside,University,Health,Sys-CA,Scripps,Mercy,Hosp-San,Diego-CA,Moreno,Valley,Code,Quota,Matched,San,Diego,Code,Quota,Matched,Anesthesiology,1850040C0,10,10,Internal,Medicine,1048140C0,14,14,Emergency,Medicine,1850110C0,10,10,Transitional,1048999P0,8,8,Family,Medicine,1850120C0,12,10,Transitional/Anesthesia,1048999P2,6,6,Internal,Medicine,1850140C0,13,13,Transitional/Opthalmology,1048999P3,4,4,Neurological,Surgery,1850160C0,1,1,Shasta,Community,Health,Ctr-CA,Neurology,1850180C0,2,2,Orthopaedic,Surgery,1850260C0,4,4,Redding,Code,Quota,Matched,Psychiatry,1850400C0,8,8,Family,Medicine,1531120C0,4,4,Radiology-Diagnostic,1850420C0,2,2,Sierra,View,Med,Ctr-CA,General,Surgery,1850440C0,4,4,Surgery-Preliminary,1850440P0,4,2,Porterville,Code,Quota,Matched,SW,Healthcare,Med,Ed,Consortium-CA,Internal,Medicine,2278140C0,12,12,Medicine-Preliminary,2278140P0,3,0,Temecula,Code,Quota,Matched,St,Agnes,Med,Ctr-CA,Emergency,Medicine,2213110C0,10,10,Family,Medicine,2213120C0,6,6,Fresno,Code,Quota,Matched,Family,Medicine/PRMC,2213120C1,8,8,Emergency,Medicine,2138110C0,8,8,Internal,Medicine,2213140C0,26,19,Family,Medicine,2138120C0,8,8,Obstetrics-Gynecology,2213220C0,3,3,Internal,Medicine,2138140C0,20,20,General,Surgery,2213440C0,3,3,Transitional,2138999P0,16,12,Surgery-Preliminary,2213440P0,3,0,St,Joseph,Hospital-Eureka-CA,Transitional,2213999P0,13,13,Eureka,Code,Quota,Matched,San,Joaquin,Gen,Hosp-CA,Family,Medicine,2160120C0,7,7,French,Camp,Code,Quota,Matched,Family,Medicine,1021120C0,8,8,Results,and,Data,2024,Main,Residency,Match®,88
NRMP,Program,Results,2024,Main,Residency,Match®,St,Josephs,Med,Ctr-CA,Pediatrics-Medical,Genetics,1820765C0,2,2,Radiology-Nuclear,Medicine,1820770A0,1,1,Stockton,Code,Quota,Matched,Trans/Anesthesiology,Santa,Clara,1820999P0,4,4,Anesthesiology,2161040C0,5,5,Sutter,Health-CA,Emergency,Medicine,2161110C0,12,12,Family,Medicine,2161120C0,10,10,Sacramento,Code,Quota,Matched,Internal,Medicine,2161140C0,10,10,Emergency,Medicine/SRMC,1135110C0,11,11,Neurology,2161180C0,4,4,Family,Med/Sacramento,1135120C0,6,6,Orthopaedic,Surgery,2161260C0,3,3,Family,Medicine/Davis/Osteopathic1135120C1,2,2,Psychiatry,2161400C0,10,10,Family,Medicine/Amador,1135120C2,2,1,Transitional,2161999P0,16,16,Internal,Medicine,1135140C0,13,13,St,Mary,Med,Ctr-Long,Beach-CA,Internal,Medicine/Summit,1135140C1,19,19,General,Surgery,1135440C0,4,4,Long,Beach,Code,Quota,Matched,Surgery-Preliminary,1135440P0,2,0,Internal,Medicine,1025140C0,9,9,Transitional,Year,1135999P0,15,15,Medicine-Primary,1025140M0,1,1,Sutter,Med,Ctr,of,Santa,Rosa-CA,Medicine-Preliminary,1025140P0,6,6,Santa,Rosa,Code,Quota,Matched,St,Marys,Med,Ctr-SF-CA,Family,Medicine,1065120C0,12,6,San,Francisco,Code,Quota,Matched,U,Southern,California,Internal,Medicine,1057140C0,4,3,Medicine-Preliminary,1057140P0,12,6,Los,Angeles,Code,Quota,Matched,Orthopaedic,Surgery,1057260C0,3,3,Anesthesiology,1033040C0,18,18,Stanford,Health,Care-CA,Dermatology,1033080A0,4,4,Emergency,Medicine,1033110C0,20,20,Stanford,Code,Quota,Matched,Internal,Medicine,1033140C0,55,55,Anesthesiology,1820040A0,15,15,Neurological,Surgery,1033160C0,3,3,Anesthesiology,1820040C0,14,14,Neurology,1033180C0,6,6,Anesthesiology,1820040R0,1,1,Obstetrics-Gynecology,1033220C0,9,9,Dermatology,1820080A0,8,8,Orthopaedic,Surgery,1033260C0,8,8,Emergency,Medicine,1820110C0,15,15,Otolaryngology,1033280C0,3,3,Family,Medicine/OConnor,1820120C0,9,8,Otolaryngology/Research,1033280C1,1,1,Internal,Medicine,1820140C0,36,36,Pathology,1033300C0,6,6,Internal,Med/Global,Health,1820140C1,2,2,Pediatrics,1033320C0,11,11,Neurological,Surgery,1820160C0,3,3,Plastic,Surgery,(Integrated),1033362C0,3,3,Neurology,1820180A0,6,6,Psychiatry,1033400C0,12,12,Neurology,1820180C0,6,6,Interventional,Radiology,(Integ),1033416A0,2,2,Child,Neurology,1820185C0,4,4,Radiology-Diagnostic,1033420A0,8,8,Obstetrics-Gynecology,1820220C0,6,6,Radiation,Oncology,1033430A0,2,2,Orthopaedic,Surgery,1820260C0,7,7,General,Surgery,1033440C0,7,7,Otolaryngology,1820280C0,4,4,Surg-Prelim/OMS,1033440P3,2,2,Otolaryngology/Research,1820280C1,1,1,Vascular,Surgery,1033451C0,1,1,Pathology,1820300C0,9,9,Thoracic,Surgery,1033461C0,2,2,Pathology/Clinical,1820300C1,2,2,Medicine-Pediatrics,1033700C0,6,6,Path-Anatomic,Neuro,Track,1820300C2,1,1,UC,Davis,Med,Ctr-CA,Pediatrics,1820320C0,25,25,Pediatrics/Research,Trk,1820320C1,4,4,Sacramento,Code,Quota,Matched,Phys,Medicine,&,Rehab,1820340A0,7,7,Anesthesiology,1046040C0,16,16,Plastic,Surgery,(Integrated),1820362C0,4,4,Dermatology,1046080A0,5,5,Psychiatry,1820400C0,10,10,Emergency,Medicine,1046110C0,15,15,Psychiatry/Research,1820400C1,2,2,Family,Medicine,1046120C0,10,10,Psychiatry/Public,1820400C2,2,2,Family,Medicine/OB,1046120C2,1,1,Interventional,Radiology,(Integ),1820416A0,3,3,Family,Med/ACE,Primary,Care,1046120C4,1,1,Radiology-Diagnostic,1820420A0,9,9,Internal,Medicine,1046140C0,24,24,Radiation,Oncology,1820430A0,4,4,Medicine-Primary,1046140M0,5,5,General,Surgery,1820440C0,7,7,Med-Primary/Innovations,1046140M1,1,1,General,Surgery/SASS,1820440C1,1,1,Medicine-Preliminary,1046140P0,1,1,Surgery-Preliminary,1820440P0,9,3,Neurological,Surgery,1046160C0,2,2,Surgery,Prelim/Anesthesia,1820440P3,0,0,Neurology,1046180C0,8,8,Surg-Prelim/Ophthalmology,1820440P4,5,5,Child,Neurology,1046185C0,2,2,Surg-Prelim/Int,Radiology,1820440P5,3,3,Child,Neurology,1046185R0,2,0,Vascular,Surgery,1820451C0,2,2,Obstetrics-Gynecology,1046220C0,8,8,Thoracic,Surgery,1820461C0,3,3,Orthopaedic,Surgery,1046260C0,3,3,Pediatrics-Anesthesiology,1820726C0,2,2,Ortho,Surgery/6,Yr,Prog,1046260C1,1,1,Peds/Psych/Child,Psych,1820730C0,2,2,Otolaryngology,1046280C0,4,4,Medicine-Anesthesiology,1820742C0,1,1,Pathology,1046300C0,4,4,Results,and,Data,2024,Main,Residency,Match®,89
NRMP,Program,Results,2024,Main,Residency,Match®,UC,Davis,Med,Ctr-CA,(Continued),Medicine-Primary,1049140M0,1,1,Neurological,Surgery,1049160C0,2,2,Pediatrics,1046320C0,13,13,Neurology,1049180C2,6,6,Phys,Medicine,&,Rehab,1046340A0,2,2,Child,Neurology,1049185C0,2,2,Phys,Medicine,&,Rehab,1046340C0,2,2,Obstetrics-Gynecology,1049220C0,6,6,Plastic,Surgery,(Integrated),1046362C0,1,1,Orthopaedic,Surgery,1049260C0,4,4,Psychiatry,1046400C0,9,9,Ortho,Surgery/Research,1049260C1,1,1,Interventional,Radiology,(Integ),1046416A0,2,2,Otolaryngology,1049280C0,2,2,Radiology-Diagnostic,1046420A0,7,7,Pathology,1049300C0,4,4,Radiation,Oncology,1046430A0,1,1,Pediatrics,1049320C0,15,15,General,Surgery,1046440C0,7,7,Pediatrics-Research,1049320C1,3,3,Surgery-Preliminary,1046440P0,10,10,Plastic,Surgery,(Integrated),1049362C0,2,2,Vascular,Surgery,1046451C0,1,1,Psychiatry,1049400C0,10,10,Thoracic,Surgery,1046461C0,1,1,Psychiatry/Research,1049400C1,2,2,Medicine-Psychiatry,1046715C1,2,2,Psychiatry/Community,1049400C2,4,4,Psychiatry-Family,Med,1046720C0,2,2,Interventional,Radiology,(Integ),1049416A0,2,2,Radiology-Nuclear,Medicine,1046770A0,1,1,Radiology-Diagnostic,1049420A0,5,5,UC,Irvine,Med,Ctr-CA,Rad-Diag/Research,1049420A1,2,2,Radiation,Oncology,1049430A0,3,3,Orange,Code,Quota,Matched,General,Surgery,1049440C0,7,7,Anesthesiology,1043040C0,14,14,Vascular,Surgery,1049451C0,1,1,Anesthesiology/Critical,Care,Med,1043040C1,1,1,Medicine-Pediatrics,1049700C0,4,4,Anesthesiology,1043040R0,3,3,UC,San,Francisco-CA,Dermatology,1043080A0,5,5,Emergency,Medicine,1043110C0,9,9,San,Francisco,Code,Quota,Matched,Family,Medicine,1043120C0,10,10,Anesthesiology,1062040A0,15,15,Internal,Medicine,1043140C0,28,28,Anesthesiology,1062040C0,5,5,Medicine-Preliminary,1043140P0,18,18,Anesthesiology/Research,1062040C1,3,3,Med-Prelim/Neurology,1043140P1,5,5,Anesthesiology/Critical,Care,1062040C2,2,2,Med-Prelim/Ophthalmology,1043140P3,4,4,Anesthesiology,1062040R0,1,1,Neurological,Surgery,1043160C0,1,1,Dermatology,1062080A0,7,7,Neurology,1043180A0,5,5,Dermatology/2+2,Scientists,1062080A1,1,1,Child,Neurology,1043185C0,2,2,Emergency,Medicine,1062110C0,15,15,Child,Neurology,1043185R0,1,1,Family,Medicine,1062120C0,14,14,Obstetrics-Gynecology,1043220C0,7,7,Internal,Medicine,1062140C0,46,46,Orthopaedic,Surgery,1043260C0,4,4,Medicine-Primary/UC,1062140M0,10,10,Otolaryngology,1043280C0,3,3,Medicine-Primary/SFGH,1062140M1,8,8,Pathology,1043300C0,4,4,Neurological,Surgery,1062160C0,3,3,Pediatrics/UCI-CHOC,1043320C1,25,25,Neurology,1062180A0,1,1,Phys,Medicine,&,Rehab,1043340A0,5,5,Neurology,1062180C0,12,12,Plastic,Surgery,(Integrated),1043362C0,3,3,Child,Neurology/Adv,PGY3,1062185A0,1,1,Psychiatry,1043400C0,9,9,Child,Neurology,1062185C0,2,2,Interventional,Radiology,(Integ),1043416A0,1,1,Obstetrics-Gynecology,1062220C0,10,10,Radiology-Diagnostic,1043420A0,8,8,Orthopaedic,Surgery,1062260C0,7,7,Radiology-Diagnostic,1043420R0,2,2,Ortho,Surgery/Research,1062260C1,1,1,Radiation,Oncology,1043430A0,1,1,Otolaryngology,1062280C0,5,5,General,Surgery,1043440C0,6,6,Pathology,1062300C0,16,16,Surg-Prelim/Non-Designated,1043440P0,7,3,Pediatrics,1062320C0,21,21,Surg-Prelim/Int,Radiology,1043440P3,1,1,Pediatrics/Molecular,Medicine,1062320C2,2,2,UC,Riverside,SOM-CA,Pediatrics/PLUS,1062320C3,5,5,Plastic,Surgery,(Integrated),1062362C0,2,2,Riverside,Code,Quota,Matched,Plastic,Surgery,(Integ)/Research,1062362C1,1,1,Internal,Med/St.,Bernardine,1522140C1,15,15,Psychiatry,1062400C0,13,13,Med-Prelim/St.,Bernardine,1522140P0,10,3,Psychiatry/Research,1062400C2,3,3,Psychiatry,1522400C0,10,10,Interventional,Radiology,(Integ),1062416A0,2,2,UC,San,Diego,Med,Ctr-CA,Radiology-Diagnostic,1062420A0,13,13,Radiation,Oncology,1062430A0,3,3,San,Diego,Code,Quota,Matched,General,Surgery,1062440C0,8,8,Anesthesiology,1049040A0,16,16,Surg-Prelim/General/Specialty,1062440P0,17,9,Dermatology,1049080A0,4,4,Surg-Prelim/Int,Radiology,1062440P2,1,1,Dermatology/Research,1049080A1,1,1,Vascular,Surgery,1062451C0,1,1,Emergency,Medicine,1049110C0,12,12,Pediatrics-Medical,Genetics,1062765C0,0,0,Family,Medicine,1049120C0,9,9,UC,San,Francisco-East,Bay-CA,Internal,Medicine,1049140C0,36,36,Int,Med/Investigator,Path,3,yr,1049140C1,1,1,Oakland,Code,Quota,Matched,Int,Med/Investigator,Path,2,yr,1049140C2,2,2,General,Surgery,3625440C0,7,7,Results,and,Data,2024,Main,Residency,Match®,90
NRMP,Program,Results,2024,Main,Residency,Match®,UC,San,Francisco-East,Bay-CA,(Continued),Valley,Consortium-CA,Surgery-Preliminary,3625440P0,9,0,Modesto,Code,Quota,Matched,UC,San,Francisco-Fresno-CA,Family,Medicine,1444120C0,8,8,Orthopaedic,Surgery,1444260C0,3,3,Fresno,Code,Quota,Matched,Valley,Health,Team-CA,Emergency,Medicine,1022110C0,11,11,Family,Medicine,1022120C0,12,8,San,Joaquin,Code,Quota,Matched,Internal,Medicine,1022140C0,24,24,Family,Medicine,2111120C0,4,4,Obstetrics-Gynecology,1022220C0,5,5,Ventura,County,Med,Ctr-CA,Orthopaedic,Surgery,1022260C0,4,4,Pediatrics,1022320C0,7,7,Ventura,Code,Quota,Matched,Psychiatry,1022400C0,6,6,Family,Medicine,1068120C0,15,15,General,Surgery,1022440C0,5,5,COLORADO,UCLA,Med,Ctr-CA,Centura,Health,Corporation-CO,Los,Angeles,Code,Quota,Matched,Centennial,Code,Quota,Matched,Anesthesiology,1956040C0,27,27,Family,Medicine/Alamosa,2350120C0,2,2,Dermatology,1956080A0,4,4,Family,Medicine/St,Mary-Corwin,2350120C1,6,6,Dermatology/5yr,Star,1956080A1,1,1,Family,Medicine/Health,Campus,2350120C2,10,10,Emergency,Medicine,1956110C0,15,15,Pathology/Penrose,2350300C0,2,2,Fam,Med/UCLA/Santa,Monica,1956120C1,12,12,Internal,Medicine,1956140C0,45,45,Denver,Community,Hlth,Svcs-CO,Internal,Med/STAR/PSTP,1956140C1,3,3,Denver,Code,Quota,Matched,Medicine-Primary/UCLA-VA,1956140M0,6,6,Family,Medicine,2403120C0,4,4,Med-Primary/UCLA-Olive,View,1956140M1,6,6,Neurological,Surgery,1956160C0,3,3,Denver,Health,Med,Ctr-CO,Neurology,1956180A0,3,3,Denver,Code,Quota,Matched,Neurology,1956180C0,6,6,Emergency,Medicine,1077110C0,17,17,Child,Neurology,1956185C0,2,2,Nuclear,Medicine,1956200A0,2,2,HealthONE-CO,Obstetrics-Gynecology,1956220C0,7,7,Denver,Code,Quota,Matched,Ob-Gyn/Preliminary,1956220P0,2,0,Anesthesiology,1997040C0,4,4,Orthopaedic,Surgery,1956260C0,6,6,Family,Medicine/Aurora,1997120C0,8,8,Otolaryngology,1956280C0,4,4,Family,Med/Swedish,Med,Ctr,1997120C1,6,6,Otolaryngology/Research,1956280C1,1,1,Internal,Medicine/Sky,Ridge,1997140C0,18,13,Pathology,1956300C0,4,4,Neurology/Swedish,Med,Ctr,1997180C0,6,6,Pathology/Research,1956300C1,1,1,Psychiatry/Aurora,1997400C0,8,8,Pediatrics,1956320C0,26,26,General,Surgery/Swedish,Med,Ctr,1997440C0,3,3,Pediatrics/PSTP,1956320C1,1,1,General,Surgery/Sky,Ridge,1997440C1,3,3,Plastic,Surgery,(Integrated),1956362C0,3,3,Transitional/Sky,Ridge,1997999P0,8,8,Interventional,Radiology,(Integ),1956416C0,3,3,Radiology-Diagnostic,1956420A0,12,12,North,Colorado,Med,Ctr,Radiation,Oncology,1956430A0,3,3,Greeley,Code,Quota,Matched,General,Surgery,1956440C0,7,7,Family,Medicine,1853120C0,5,5,Surgery-Preliminary,1956440P0,4,0,Family,Med/Wray,1853120C1,1,1,Vascular,Surgery,1956451C0,1,1,Family,Med/Sunrise,1853120C2,2,2,Medicine-Pediatrics,1956700C0,6,6,Family,Med/Hospitalist,1853120C3,1,1,Medicine-Preventive,Med,1956751C0,2,2,Family,Medicine/Sterling,RTT,1853120C4,2,2,UCLA,Semel,Inst,for,Neuroscience-CA,Parkview,Med,Ctr-CO,Los,Angeles,Code,Quota,Matched,Pueblo,Code,Quota,Matched,Psychiatry,3030400C0,12,12,Internal,Medicine,2050140C0,10,10,Psychiatry/Research,3030400C1,2,2,Psych/Harbor-NPI-WLAVA,3030400C2,1,1,Poudre,Valley,Hospital-CO,VA,Greater,LA,Hlth,Sys-CA,Fort,Collins,Code,Quota,Matched,Los,Angeles,Code,Quota,Matched,Family,Medicine,3063120C0,8,8,Phys,Medicine,&,Rehab/UCLA,1039340A0,8,8,St,Joseph,Hospital,SCL,Health-CO,Psychiatry/UCLA/SFVP,1039400C0,6,6,Denver,Code,Quota,Matched,Valley,Childrens,Healthcare-CA,Family,Medicine,1074120C0,9,9,Madera,Code,Quota,Matched,Internal,Medicine,1074140C0,10,10,Medicine-Preliminary,1074140P0,8,8,Pediatrics,1907320C0,14,11,Obstetrics-Gynecology,1074220C0,5,5,General,Surgery,1074440C0,6,6,Results,and,Data,2024,Main,Residency,Match®,91
NRMP,Program,Results,2024,Main,Residency,Match®,St,Joseph,Hospital,SCL,Health-CO,(Continued),Danbury,Hospital-CT,Surgery-Preliminary,1074440P0,6,2,Danbury,Code,Quota,Matched,St,Marys,Med,Ctr,SCL,Health-CO,Internal,Medicine,1081140C0,17,17,Obstetrics-Gynecology,1081220C0,3,3,Grand,Junction,Code,Quota,Matched,Pathology,1081300C0,2,2,Family,Medicine,3069120C0,9,9,General,Surgery,1081440C0,4,4,U,Colorado,SOM-Denver,Surgery-Preliminary,1081440P0,3,0,Aurora,Code,Quota,Matched,Eastern,CT,Health,Network,Anesthesiology,1076040A0,7,7,Manchester,Code,Quota,Matched,Anesthesiology,1076040C0,10,10,Family,Medicine,2186120C0,6,1,Anesthesiology/Critical,Care,1076040C1,2,2,Psychiatry,2186400C0,4,4,Anesthesiology/Research,1076040C2,0,0,Greenwich,Hospital-CT,Anesthesiology,1076040R0,5,5,Dermatology,1076080A0,6,6,Greenwich,Code,Quota,Matched,Dermatology,1076080R0,1,1,Internal,Medicine,1082140C0,6,6,Family,Med/Denver,Hlth,1076120C0,5,5,Medicine-Preliminary,1082140P0,7,7,Family,Med/Univ,Hosp,1076120C3,6,6,Griffin,Hospital-CT,Family,Med/Rural,1076120C4,2,1,Internal,Medicine,1076140C0,32,32,Derby,Code,Quota,Matched,Internal,Med/Hospitalist,1076140C1,6,6,Internal,Medicine,1977140C0,8,8,Int,Med/Physician,Scientist,1076140C2,3,3,Medicine-Primary,1977140M0,2,2,Medicine-Primary,1076140M0,9,9,Medicine-Preliminary,1977140P0,3,3,Medicine-Preliminary,1076140P0,9,9,Medicine-Preventive,Med/General,1977751C0,3,3,Neurological,Surgery,1076160C0,3,3,Hartford,Hospital-CT,Neurology,1076180C0,9,9,Neurology,1076180R0,2,2,Hartford,Code,Quota,Matched,Child,Neurology,1076185C0,4,4,Pathology,1083300C0,4,4,Child,Neurology/Adult,1076185R1,1,1,Psychiatry,1083400C0,6,6,Obstetrics-Gynecology,1076220C0,9,9,Radiology-Diagnostic,1083420A0,5,5,Ob-Gyn/Preliminary,1076220P0,1,0,Middlesex,Hospital-CT,Orthopaedic,Surgery,1076260C0,6,6,Ortho,Surgery/Research,1076260C1,1,1,Middleton,Code,Quota,Matched,Otolaryngology,1076280C0,3,3,Family,Medicine,1087120C0,7,7,Otolaryngology/Research,1076280C1,1,1,Norwalk,Hospital-CT,Pathology,1076300C0,7,7,Pediatrics,1076320C0,27,27,Norwalk,Code,Quota,Matched,Pediatrics-Preliminary,1076320P0,1,1,Internal,Medicine,1093140C0,15,15,Phys,Medicine,&,Rehab,1076340A0,6,6,Radiology-Diagnostic,1093420A0,2,2,Plastic,Surgery,(Integrated),1076362C0,2,2,Quinnipiac,Univ/Netter,MD,SOM-CT,Psychiatry,1076400C0,9,9,Psychiatry/Research,1076400C2,2,1,Hamden,Code,Quota,Matched,Psychiatry/CAP,1076400C3,2,2,Anesthesiology,2371040A0,4,4,Psychiatry/Comm,Public,1076400C4,2,2,Anesthesiology,2371040R0,4,4,Interventional,Radiology,(Integ),1076416A0,2,2,Fam,Med/Rural,Hungerford,Hosp,2371120C1,4,4,Radiology-Diagnostic,1076420A0,10,10,Psychiatry/Rural,2371400C0,4,4,Radiation,Oncology,1076430A0,2,2,St,Francis,Hospital-CT,Radiation,Oncology,1076430R0,2,2,General,Surgery/2,Yr,Research,1076440C0,11,11,Hartford,Code,Quota,Matched,Surgery-Preliminary,1076440P0,10,1,Obstetrics-Gynecology,1085220C0,5,5,Vascular,Surgery,1076451C0,1,1,St,Marys,Hospital-CT,Medicine-Pediatrics,1076700C0,4,4,Pediatrics-PM&R,1076735C0,1,1,Waterbury,Code,Quota,Matched,Pediatrics-Medical,Genetics,1076765C0,2,2,Internal,Medicine,1096140C0,10,10,CONNECTICUT,Medicine-Preliminary,1096140P0,4,4,Bridgeport,Hospital-CT,General,Surgery,1096440C0,2,2,Surgery-Preliminary,1096440P0,2,2,Bridgeport,Code,Quota,Matched,St,Vincents,Med,Ctr-CT,Internal,Medicine,1079140C0,18,18,Medicine-Preliminary,1079140P0,4,4,Bridgeport,Code,Quota,Matched,Obstetrics-Gynecology,1079220C0,4,4,Internal,Medicine,1080140C0,10,10,Radiology-Diagnostic,1079420A0,4,4,Medicine-Preliminary,1080140P0,4,4,Med-Prelim/Radiology,1080140P1,0,0,Med-Prelim/Anesthesiology,1080140P2,2,2,Results,and,Data,2024,Main,Residency,Match®,92
NRMP,Program,Results,2024,Main,Residency,Match®,St,Vincents,Med,Ctr-CT,(Continued),Otolaryngology,1089280C0,4,4,Pathology/Comb-Anat,&,Clin,1089300C0,8,8,Radiology-Diagnostic,1080420A0,3,3,Pathology/Anatomic,Only,1089300C1,0,0,Stamford,Hospital/Columbia-CT,Pathology/Clinical,Only,1089300C2,1,1,Pathology/AP,&,NP,1089300C3,0,0,Stamford,Code,Quota,Matched,Pediatrics,1089320C0,21,21,Family,Medicine,1095120C0,5,5,Phys,Medicine,&,Rehab,1089340C0,4,4,Internal,Medicine,1095140C0,8,8,Plastic,Surgery,(Integrated),1089362C0,3,3,Obstetrics-Gynecology,1095220C0,4,4,Psychiatry,1089400C0,13,13,General,Surgery,1095440C0,3,3,Psychiatry/Combined,Adult/Child,1089400C2,2,2,Surgery-Preliminary,1095440P0,2,0,Psychiatry/Research,1089400C3,3,3,U,Connecticut,School,of,Medicine,Interventional,Radiology,(Integ),1089416C0,3,3,Radiology-Diagnostic,1089420A0,12,12,Farmington,Code,Quota,Matched,Radiation,Oncology,1089430A0,3,3,Anesthesiology,1094040A0,4,4,General,Surgery,1089440C0,10,10,Anesthesiology,1094040C0,9,9,Surgery-Preliminary,1089440P0,8,6,Anesthesiology,1094040R0,1,1,Vascular,Surgery,1089451C0,1,1,Dermatology,1094080A0,4,4,Medicine-Pediatrics,1089700C0,4,4,Emergency,Medicine,1094110C0,18,18,DELAWARE,Family,Medicine,1094120C0,7,7,Internal,Medicine,1094140C0,44,44,Bayhealth,Med,Ctr-DE,Medicine-Primary,1094140M0,16,16,Dover,Code,Quota,Matched,Medicine-Preliminary,1094140P0,5,5,Emergency,Medicine,2260110C0,6,6,Neurological,Surgery,1094160C0,1,1,Family,Medicine,2260120C0,8,6,Neurology,1094180C0,7,7,Internal,Medicine,2260140C0,13,13,Obstetrics-Gynecology,1094220C0,10,10,General,Surgery,2260440C0,3,3,Orthopaedic,Surgery,1094260C0,5,5,Otolaryngology,1094280C0,3,3,Beebe,Healthcare-DE,Pediatrics,1094320C0,22,22,Lewes,Code,Quota,Matched,Phys,Medicine,&,Rehab,1094340C1,4,4,Family,Medicine,2354120C0,4,4,Psychiatry,1094400C0,7,7,Radiology-Diagnostic,1094420A0,2,2,Christiana,Care-DE,Radiology-Diagnostic,1094420R0,1,1,Newark,Code,Quota,Matched,General,Surgery,1094440C0,8,8,Emergency,Medicine,1099110C0,12,12,Surgery-Preliminary,1094440P0,6,2,Emergency,Medicine/Military,1099110C1,1,0,Vascular,Surgery,1094451C0,1,1,Family,Medicine,1099120C0,9,9,Waterbury,Hospital-CT,Internal,Medicine,1099140C0,13,13,Waterbury,Code,Quota,Matched,Obstetrics-Gynecology,1099220C0,7,7,Psychiatry,1099400C0,6,6,General,Surgery,1097440C0,2,2,Interventional,Radiology,(Integ),1099416C0,1,1,Surgery-Preliminary,1097440P0,2,2,Radiology-Diagnostic,1099420C0,4,4,Yale-New,Haven,Hosp-CT,General,Surgery,1099440C0,6,6,New,Haven,Code,Quota,Matched,Medicine-Pediatrics,1099700C0,5,5,Medicine-Emergency,Med,1099705C0,4,4,Anesthesiology,1089040A0,1,1,Emergency,Med-Family,Med,1099795C0,3,3,Anesthesiology,1089040C0,21,21,Dermatology,1089080A0,4,4,St,Francis,Hospital-DE,Dermatology/Research,1089080A1,2,2,Wilmington,Code,Quota,Matched,Emergency,Medicine,1089110C0,17,17,Family,Medicine,2058120C0,6,6,Emergency,Medicine/Research,1089110C1,2,2,Internal,Medicine,1089140C0,38,38,DISTRICT,OF,COLUMBIA,Int,Med/Physician,Scientist,1089140C1,8,8,Childrens,National,Med,Ctr-DC,Internal,Medicine/Yale-Waterbury,1089140C2,10,10,Medicine-Primary,1089140M0,16,16,Washington,Code,Quota,Matched,Medicine-Primary/HIV,1089140M1,2,2,Child,Neurology,1070185C0,4,4,Medicine-Preliminary,1089140P0,4,4,Pediatrics,1070320C0,21,21,Med-Prelim/Neurology,1089140P2,11,11,Pediatrics/Research,1070320C3,2,2,Med-Prelim/Yale-Waterbury,1089140P4,6,6,Pediatrics/LAUnCH,Community,Hlth1070320C4,8,8,Med-Prelim/Ophthalmology,1089140P6,5,5,Pediatrics-Primary,1070320M0,5,5,Neurological,Surgery,1089160C0,2,2,Pediatrics-Medical,Genetics,1070765C0,2,2,Neurology,1089180A0,12,12,George,Washington,Univ-DC,Neurology,1089180R0,2,2,Child,Neurology,1089185C0,2,2,Washington,Code,Quota,Matched,Obstetrics-Gynecology,1089220C0,8,8,Anesthesiology,1802040A0,3,3,Ob-Gyn/Preliminary,1089220P1,1,1,Anesthesiology,1802040C0,5,5,Orthopaedic,Surgery,1089260C0,5,5,Anesthesiology,1802040R0,2,2,Results,and,Data,2024,Main,Residency,Match®,93
NRMP,Program,Results,2024,Main,Residency,Match®,George,Washington,Univ-DC,(Continued),Family,Med/Georgetown-WHC,1800120C0,4,4,Internal,Medicine,1800140C0,30,30,Dermatology,1802080A0,2,2,Medicine-Preliminary,1800140P0,11,11,Dermatology,1802080R0,1,1,Obstetrics-Gynecology,1800220C0,10,10,Emergency,Medicine,1802110C0,11,11,Vascular,Surgery,1800451C0,2,2,Emergency,Med/International,1802110C1,1,1,Medicine-Dermatology,1800785C0,2,2,Internal,Medicine,1802140C0,25,25,St,Elizabeths,Hospital/DBH-DC,Int,Med/Sponsored,IMG,1802140C1,2,2,Medicine-Primary,1802140M0,5,5,Washington,Code,Quota,Matched,Medicine-Preliminary,1802140P0,6,5,Psychiatry,1804400C0,6,6,Med-Prelim/Dermatology,1802140P4,1,1,FLORIDA,Med-Prelim/Radiology,1802140P5,1,1,Neurological,Surgery,1802160C0,1,1,AdventHealth,Florida,Neurology,1802180C0,5,5,Orlando,Code,Quota,Matched,Neurology,1802180R0,1,1,Emergency,Medicine,1102110C0,8,8,Obstetrics-Gynecology,1802220C0,8,8,Family,Medicine,1102120C0,12,8,Orthopaedic,Surgery,1802260C0,4,4,Fam,Med/East,Orlando/Osteopathic,1102120C1,8,8,Otolaryngology,1802280C0,1,1,Family,Medicine/Sebring,1102120C2,8,8,Pathology,1802300C0,5,5,Family,Medicine/Wesley,Chapel,1102120C3,8,8,Psychiatry,1802400C0,6,6,Internal,Medicine,1102140C0,14,14,Interventional,Radiology,(Integ),1802416A0,1,1,Internal,Medicine/Sebring,1102140C1,8,8,Radiology-Diagnostic,1802420A0,6,6,Internal,Medicine/Tampa,1102140C2,13,13,General,Surgery,1802440C0,5,5,Medicine-Primary,1102140M0,2,2,Surgery-Preliminary,1802440P3,2,2,Obstetrics-Gynecology,1102220C0,4,4,Howard,Univ,Hosp-DC,Obstetrics-Gynecology/Tampa,1102220C1,3,3,Washington,Code,Quota,Matched,Orthopaedic,Surgery,1102260C0,6,6,Pediatrics,1102320C0,12,12,Dermatology,2193080A0,5,5,Radiology-Diagnostic,1102420A0,4,4,Family,Medicine,2193120C0,6,6,General,Surgery,1102440C0,4,4,Internal,Medicine,2193140C0,22,22,General,Surgery/Tampa,1102440C1,4,4,Medicine-Preliminary,2193140P0,14,14,Surgery,Prelim/Tampa,1102440P0,4,4,Neurology,2193180A0,2,2,Obstetrics-Gynecology,2193220C0,4,4,Baptist,Health,South,Florida,Pathology,2193300C0,2,2,Coral,Gables,Code,Quota,Matched,Psychiatry,2193400C0,5,5,Family,Medicine/FIU,2331120C0,4,4,General,Surgery,2193440C0,5,5,Surgery-Preliminary,2193440P0,4,4,BayCare,Health,System-FL,MedStar,Georgetown,Univ,Hosp-DC,Clearwater,Code,Quota,Matched,Washington,Code,Quota,Matched,Family,Medicine,2300120C0,6,6,Internal,Medicine,2300140C0,39,19,Anesthesiology,1801040C0,12,12,Pediatrics,2300320C0,8,5,Internal,Medicine,1801140C0,29,29,Psychiatry,2300400C0,6,6,Neurological,Surgery,1801160C0,2,2,Neurology,1801180C0,6,6,Bayfront,Med,Ctr-FL,Neurology/Clinician,Scientist,1801180C1,2,2,St,Petersburg,Code,Quota,Matched,Orthopaedic,Surgery,1801260C0,4,4,Family,Medicine,1911120C0,8,8,Otolaryngology,1801280C0,3,3,Obstetrics-Gynecology,1911220C0,4,4,Pathology,1801300C0,3,3,Pediatrics,1801320C0,11,11,Borinquen,Health,Care,Ctr-FL,Plastic,Surgery,(Integrated),1801362C0,4,4,Miami,Code,Quota,Matched,Psychiatry,1801400C0,9,9,Family,Medicine,2254120C0,4,4,Interventional,Radiology,(Integ),1801416C0,2,2,Radiology-Diagnostic,1801420A0,4,4,Broward,Health,Med,Ctr-FL,Radiation,Oncology,1801430A0,1,1,Fort,Lauderdale,Code,Quota,Matched,Gen,Surgery/Georgetown-WHC,1801440C0,10,10,Dermatology,1892080A0,3,3,Surg-Prelim/Georgetown-WHC,1801440P0,9,0,Emergency,Medicine,1892110C0,15,12,Medicine-Pediatrics,1801700C0,4,4,Family,Medicine,1892120C0,7,6,MedStar,National,Rehab,Hosp-DC,Internal,Medicine,1892140C0,18,18,Washington,Code,Quota,Matched,Internal,Med/North,Program,1892140C1,15,15,Orthopaedic,Surgery,1892260C0,3,3,Phys,Medicine,&,Rehab,3191340C0,6,6,Pediatrics,1892320C0,9,3,MedStar,Washington,Hosp,Ctr-DC,Phys,Medicine,&,Rehab,1892340A0,4,4,Washington,Code,Quota,Matched,Phys,Medicine,&,Rehab,1892340R0,4,4,Psychiatry,1892400C0,5,5,Dermatology,1800080A0,2,2,General,Surgery,1892440C0,6,6,Emergency,Med/Georgetown-WHC1800110C0,10,10,Results,and,Data,2024,Main,Residency,Match®,94
NRMP,Program,Results,2024,Main,Residency,Match®,Broward,Health,Med,Ctr-FL,(Continued),Psychiatry,1771400C0,4,4,General,Surgery,1771440C0,3,3,Transitional/North,Program,1892999P1,16,16,Transitional,1771999P0,13,13,Centerstone-FL,HCA,Healthcare,East,FL,Division,GME,Bradenton,Code,Quota,Matched,Margate,Code,Quota,Matched,Psychiatry,2242400C0,4,4,Anesthesiology/Kendall,2232040A0,6,6,Citrus,Health,Network-FL,Anesthesiology/Westside,2232040C0,6,6,Anesthesiology/Westside,2232040R0,1,1,Hialeah,Code,Quota,Matched,Emergency,Medicine/Aventura,2232110C0,12,10,Psychiatry,1864400C0,4,4,Emergency,Medicine/St,Lucie,2232110C1,6,6,Cleveland,Clinic,Florida,Emergency,Medicine/Kendall,2232110C2,12,12,Emergency,Medicine/Westside,2232110C3,13,13,Weston,Code,Quota,Matched,Family,Medicine/St,Lucie,2232120C0,6,2,Anesthesiology,1383040C0,5,5,Internal,Medicine/Westside,2232140C0,24,20,Internal,Medicine,1383140C0,9,9,Internal,Medicine/Aventura,2232140C1,15,15,Med-Prelim/Neurology,1383140P0,2,2,Internal,Medicine/Kendall,2232140C2,13,9,Medicine-Preliminary,1383140P1,2,2,Internal,Medicine/Lawnwood,2232140C3,15,15,Neurology,1383180A0,2,2,Neurology/Westside,2232180C0,4,3,General,Surgery,1383440C0,4,4,Obstetrics-Gynecology/Westside,2232220C0,4,4,Surgery-Preliminary,1383440P0,2,2,Pathology/Westside,2232300C0,2,2,Community,Health,of,South,Florida,Pediatrics/Palms,West,2232320C0,6,2,Psychiatry/Aventura,2232400C0,5,5,Miami,Code,Quota,Matched,Psychiatry/University,2232400C1,6,6,Family,Medicine,2194120C0,5,5,Radiology-Diagnostic/Aventura,2232420C0,7,7,Psychiatry,2194400C0,4,4,Radiology-Diagnostic/Aventura,2232420R0,2,2,FAU-Schmidt,COM-FL,General,Surgery/Westside,2232440C0,4,4,General,Surgery/Kendall,2232440C1,6,6,Boca,Raton,Code,Quota,Matched,General,Surgery/Lawnwood,2232440C2,3,3,Emergency,Medicine,1586110C0,6,6,Surgery-Preliminary/Kendall,2232440P0,5,0,Internal,Medicine,1586140C0,24,24,Surg-Prelim/Anesthesiology-Kendall2232440P1,1,1,Neurology,1586180C0,3,3,Transitional/Aventura,2232999P0,6,6,Psychiatry,1586400C0,4,4,Transitional/Kendall,2232999P1,8,3,General,Surgery,1586440C0,7,7,Trans/Anesthesiology-Kendall,2232999P2,5,4,Surgery-Preliminary,1586440P0,5,1,Transitional/Westside,2232999P3,15,3,FIU,Herbert,Wertheim,COM-FL,HCA,Healthcare/USF,Morsani,GME-Blake-FL,Miami,Code,Quota,Matched,Bradenton,Code,Quota,Matched,Medicine-Primary,2317140M0,6,6,Internal,Medicine,1899140C0,22,12,Florida,State,University,COM,Medicine-Preliminary,1899140P0,5,3,Phys,Medicine,&,Rehab,1899340A0,2,2,Tallahassee,Code,Quota,Matched,Physi,Medicine,&,Rehab,1899340R0,2,2,Emergency,Medicine/Sarasota,1826110C0,9,9,Transitional,1899999P0,13,12,Family,Medicine/Lee,Memorial,1826120C0,9,9,HCA,Healthcare/USF,Morsani,GME-Brandon-FL,Family,Medicine/Winter,Haven,1826120C1,8,8,Internal,Medicine/Tallahassee,1826140C0,10,8,Brandon,Code,Quota,Matched,Internal,Medicine/Sarasota,1826140C1,14,14,Emergency,Medicine,1772110C0,12,8,Internal,Medicine/Cape,Coral,1826140C2,12,12,Internal,Medicine,1772140C0,20,5,Med-Prelim/Tallahassee,1826140P0,2,1,Obstetrics-Gynecology,1772220C0,5,5,General,Surgery,1826440C0,2,2,Pathology,1772300C0,2,1,Surgery-Preliminary,1826440P0,2,0,General,Surgery,1772440C0,3,3,Transitional,1826999P0,13,13,Surgery-Preliminary,1772440P0,4,2,HCA,Florida,JFK,Hosp-U,Miami-FL,Transitional,1772999P0,11,4,Atlantis,Code,Quota,Matched,HCA,Healthcare/USF,Morsani,GME-Citrus-FL,Internal,Medicine,1384140C0,19,6,Inverness,Code,Quota,Matched,Orthopaedic,Surgery,1384260C0,3,3,Internal,Medicine,2195140C0,20,8,General,Surgery,1384440C0,3,3,Transitional,2195999P0,8,4,Surgery-Preliminary,1384440P0,1,1,HCA,Healthcare/USF,Morsani,GME-Largo-FL,HCA,Florida,Orange,Park,Hosp,Largo,Code,Quota,Matched,Orange,Park,Code,Quota,Matched,Dermatology,1981080A0,3,3,Dermatology,1771080A0,3,3,Internal,Medicine,1981140C0,21,12,Emergency,Medicine,1771110C0,12,12,Orthopaedic,Surgery,1981260C0,2,2,Family,Medicine,1771120C0,5,5,Psychiatry,1981400C0,5,5,Internal,Medicine,1771140C0,13,13,Results,and,Data,2024,Main,Residency,Match®,95
NRMP,Program,Results,2024,Main,Residency,Match®,HCA,Healthcare/USF,Morsani,GME-Largo-FL,Larkin,Comm,Hosp,Palm,Springs,Campus-FL,(Continued),Hialeah,Code,Quota,Matched,Transitional,1981999P0,7,7,Dermatology,2238080A0,4,4,Transitional/Dermatology,1981999P1,3,3,Family,Medicine,2238120C0,9,9,HCA,Healthcare/USF,Morsani,GME-Oak,Hill-FL,Internal,Medicine,2238140C0,8,8,Brooksville,Code,Quota,Matched,Neurology,2238180C0,4,4,Osteo,Neuromusculo,Med,2238275R0,6,0,Emergency,Medicine,1662110C0,6,6,Phys,Medicine,&,Rehab,2238340A0,6,6,Family,Medicine,1662120C0,8,6,Phys,Medicine,&,Rehab,2238340R0,2,2,Internal,Medicine,1662140C0,23,1,Plastic,Surgery,(Integrated),2238362C0,2,2,Medicine-Preliminary,1662140P0,5,0,Transitional,1662999P0,10,3,Larkin,Community,Hospital-FL,HCA,Healthcare/USF,Morsani,GME-Sarasota-FL,South,Miami,Code,Quota,Matched,Sarasota,Code,Quota,Matched,Dermatology,1481080A0,4,4,Dermatology,1481080R0,4,4,Internal,Medicine,2392140C0,12,3,Family,Medicine,1481120C0,9,9,HCA,Healthcare/USF,Morsani,GME-St,Pete-FL,Internal,Medicine,1481140C0,10,10,St.,Petersburg,Code,Quota,Matched,Neurology,1481180C0,5,5,Orthopaedic,Surgery,1481260C0,4,4,Family,Medicine,2196120C0,4,4,Phys,Medicine,&,Rehab,1481340A0,8,8,HCA,Healthcare/USF,Morsani,GME-Trinity-FL,Psychiatry,1481400C0,16,15,Trinity,Code,Quota,Matched,Radiology-Diagnostic,1481420A0,5,4,General,Surgery,1481440C0,2,2,Internal,Medicine,2235140C0,20,11,Radiology-Diagnostic,2235420A0,4,4,Manatee,Memorial,Hosp-FL,Transitional,2235999P0,9,6,Bradenton,Code,Quota,Matched,HCA,Healthcare/USF,Morsani-Bayonet,Pt-FL,Family,Medicine,2109120C0,4,4,Hudson,Code,Quota,Matched,Internal,Medicine,2109140C0,10,10,Internal,Medicine,2137140C0,20,10,Mayo,Clinic,School,of,Grad,Med,Educ-FL,General,Surgery,2137440C0,3,3,Jacksonville,Code,Quota,Matched,Surgery-Preliminary,2137440P0,3,0,Anesthesiology,1032040C0,6,6,Transitional,2137999P0,11,11,Dermatology,1032080C0,2,2,HCA,Healthcare/USF,Morsani-Northside-FL,Family,Medicine,1032120C0,8,8,St,Petersburg,Code,Quota,Matched,Internal,Medicine,1032140C0,16,16,Neurological,Surgery,1032160C0,1,1,Internal,Medicine,2107140C0,6,6,Neurology,1032180C0,6,6,Halifax,Med,Ctr-FL,Neurology,1032180R0,1,1,Daytona,Beach,Code,Quota,Matched,Child,Neurology,1032185A0,2,2,Child,Neurology,1032185R0,2,2,Family,Medicine,1629120C0,8,8,Otolaryngology,1032280C0,2,2,Johns,Hopkins,All,Childrens,Hosp-FL,Phys,Medicine,&,Rehab,1032340C0,2,2,St,Petersburg,Code,Quota,Matched,Plastic,Surgery,(Integrated),1032362C0,1,1,Interventional,Radiology,(Integ),1032416C0,1,1,Child,Neurology,1589185C0,1,1,Radiology-Diagnostic,1032420C0,6,6,Pediatrics,1589320C0,12,8,Radiology-Diagnostic,1032420R0,1,1,Keralty,Hospital-FL,Radiation,Oncology,1032430C0,1,1,Miami,Code,Quota,Matched,General,Surgery,1032440C0,4,4,Surgery-Preliminary,1032440P0,2,2,Family,Medicine,2342120C0,6,6,Memorial,Healthcare,System-FL,Lakeland,Regional,Health-FL,Pembroke,Pines,Code,Quota,Matched,Lakeland,Code,Quota,Matched,Anesthesiology,2085040C0,3,3,Emergency,Medicine,2323110C0,15,15,Emergency,Medicine,2085110C0,10,10,Family,Medicine,2323120C0,8,5,Internal,Medicine,2085140C0,15,15,Internal,Medicine,2323140C0,20,20,Medicine-Preliminary,2085140P0,4,4,Psychiatry,2323400C0,4,4,Neurology,2085180C0,4,4,General,Surgery,2323440C0,4,4,Obstetrics-Gynecology,2085220C0,4,4,Transitional,2323999P0,18,4,Pediatrics,2085320C0,8,8,Lakeside,Med,Ctr-FL,Phys,Medicine,&,Rehab,2085340C0,4,4,Belle,Glade,Code,Quota,Matched,Psychiatry,2085400C0,4,4,General,Surgery,2085440C0,6,6,Family,Medicine,2282120C0,5,4,Transitional,2085999P0,6,6,Results,and,Data,2024,Main,Residency,Match®,96
NRMP,Program,Results,2024,Main,Residency,Match®,Mt,Sinai,Med,Ctr-Miami-FL,U,Central,FL/HCA,Healthcare,GME,Miami,Beach,Code,Quota,Matched,Orlando,Code,Quota,Matched,Anesthesiology,1105040R0,6,6,Anesthesiology/Ocala,1587040A0,9,9,Emergency,Medicine,1105110C0,7,7,Dermatology,1587080A0,2,2,Internal,Medicine,1105140C0,17,17,Emergency,Med/Orlando,1587110C0,7,7,Medicine-Preliminary,1105140P0,4,4,Emergency,Med/Gainesville,1587110C1,8,8,Obstetrics-Gynecology,1105220C0,3,3,Emergency,Med/Ocala,1587110C2,7,6,Pathology,1105300C0,2,2,Family,Medicine/Gainesville,1587120C0,8,7,Psychiatry,1105400C0,3,3,Family,Medicine/Ocala,1587120C1,6,3,Radiology-Diagnostic,1105420A0,5,5,Internal,Med/Orlando,1587140C0,25,25,General,Surgery,1105440C0,3,3,Internal,Medicine/Ocala,1587140C1,15,15,Surgery-Preliminary,1105440P0,3,2,Internal,Med/Gainesville,1587140C2,20,20,NCH,Healthcare,Sys-FL,Internal,Med/Pensacola,1587140C3,10,10,Internal,Med/Lake,Monroe,1587140C4,12,12,Naples,Code,Quota,Matched,Internal,Med/Ft,Walton,Bch,1587140C5,12,0,Internal,Medicine,1958140C0,16,16,Neurology/Kissimmee,1587180C0,4,4,Transitional,1958999P0,6,6,Ob-Gyn/Kissimmee,1587220C0,3,3,Nemours,Childrens,Hosp-FL,Ob-Gyn/Gainesville,1587220C1,4,4,Ob-Gyn/Pensacola,1587220C2,3,3,Orlando,Code,Quota,Matched,Orthopaedic,Surgery/Ocala,1587260C0,3,3,Pediatrics,2175320C0,16,16,Phys,Med,&,Rehab/Pensacola,1587340A0,4,4,Nicklaus,Childrens,Hospital-Miami-FL,Psychiatry/Gainesville,1587400C0,8,8,Psychiatry/Kissimmee,1587400C1,6,6,Miami,Code,Quota,Matched,Psychiatry/Tallahassee,1587400C2,6,6,Pediatrics,1110320C0,27,27,General,Surgery/Ocala,1587440C0,4,4,Pediatrics/SACM,1110320C1,1,1,General,Surgery/Kissimmee,1587440C1,3,3,Nova,Southeastern,University,KPCOM-FL,General,Surgery/Pensacola,1587440C2,3,3,Surgery-Preliminary/Ocala,1587440P0,4,0,Clearwater,Code,Quota,Matched,Transitional/Orlando,1587999P0,14,10,Family,Medicine,2256120C0,4,4,Transitional/Ocala,1587999P1,13,13,Psychiatry/Orlando,2256400C0,6,6,TransitionalGainesville,1587999P2,12,11,Psychiatry/Bay,Pines,2256400C1,3,3,U,Florida,COM-Jacksonville,Orlando,Health-FL,Jacksonville,Code,Quota,Matched,Orlando,Code,Quota,Matched,Anesthesiology,1101040C0,4,4,Emergency,Medicine,1107110C0,18,18,Emergency,Medicine,1101110C0,15,15,Internal,Medicine,1107140C0,13,13,Internal,Medicine,1101140C0,16,16,Medicine-Preliminary,1107140P0,2,0,Medicine-Preliminary,1101140P0,2,2,Neurology,1107180C0,2,2,Med-Prelim/Neurology,1101140P1,4,4,Obstetrics-Gynecology,1107220C0,8,8,Neurology,1101180A0,4,4,Orthopaedic,Surgery,1107260C0,5,5,Obstetrics-Gynecology,1101220C0,6,6,Pathology,1107300C0,2,1,Orthopaedic,Surgery,1101260C0,4,4,Pediatrics,1107320C0,16,16,Pathology,1101300C0,2,2,General,Surgery,1107440C0,6,6,Pediatrics,1101320C0,14,11,Surgery-Preliminary,1107440P0,6,0,Peds-Prelim/Child,Neurology,1101320P0,2,2,Palmetto,General,Hosp-FL,Psychiatry,1101400C0,3,3,Psychiatry/CAP,1101400C1,2,2,Hialeah,Code,Quota,Matched,Interventional,Radiology,(Integ),1101416A0,1,1,Internal,Medicine,2121140C0,20,18,Radiology-Diagnostic,1101420A0,5,5,Neurology,2121180C0,1,1,Radiology-Diagnostic,1101420R0,1,1,Southern,Winds,Hospital-FL,General,Surgery,1101440C0,5,5,Surgery-Preliminary,1101440P0,6,3,Hialeah,Code,Quota,Matched,U,Florida,COM-Shands,Hosp,Psychiatry,2393400C0,10,10,Gainesville,Code,Quota,Matched,St,Vincents,Med,Ctr-FL,Anesthesiology,1824040A0,1,1,Jacksonville,Code,Quota,Matched,Anesthesiology,1824040C0,20,20,Family,Medicine,3125120C0,12,12,Anesthesiology/Research,1824040C1,0,0,Tallahassee,Mem,Healthcare-FL,Anesthesiology,1824040R1,3,3,Dermatology,1824080A0,4,4,Tallahassee,Code,Quota,Matched,Emergency,Medicine,1824110C0,14,14,Family,Medicine,2926120C0,11,11,Family,Medicine,1824120C0,9,9,Family,Med/Emerald,Coast,1824120C1,6,5,Internal,Med/Gainesville,1824140C0,33,33,Internal,Med/Pensacola,1824140C1,4,4,Results,and,Data,2024,Main,Residency,Match®,97
NRMP,Program,Results,2024,Main,Residency,Match®,U,Florida,COM-Shands,Hosp,(Continued),Radiation,Oncology,1104430R0,3,1,General,Surgery,1104440C0,6,6,Medicine-Preliminary,1824140P0,12,12,General,Surgery/3-Yr,MD,Path,1104440C1,1,1,Neurological,Surgery,1824160C0,2,2,Surgery-Preliminary,1104440P1,14,14,Neurology,1824180C0,8,8,Vascular,Surgery/Integrated,1104451C0,1,1,Child,Neurology,1824185C0,2,2,Medicine-Pediatrics,1104700C0,5,5,Child,Neurology,1824185R0,1,0,U,South,Florida,Morsani,COM-Tampa,Ob-Gyn/Gainesville,1824220C0,5,5,Ob-Gyn/Pensacola,1824220C1,6,6,Tampa,Code,Quota,Matched,Orthopaedic,Surgery,1824260C0,4,4,Anesthesiology,1109040C0,8,8,Otolaryngology,1824280C0,3,3,Dermatology,1109080A0,4,4,Pathology,1824300C0,4,4,Emergency,Medicine,1109110C0,10,10,Pediatrics/Gainesville,1824320C0,18,18,Family,Medicine,1109120C0,8,8,Pediatrics/Pensacola,1824320C3,9,8,Internal,Medicine,1109140C0,34,34,Phys,Medicine,&,Rehab,1824340A0,4,4,Medicine-Preliminary,1109140P0,6,6,Plastic,Surgery,(Integrated),1824362C0,1,1,Med-Prelim/Dermatology,1109140P1,2,2,Psychiatry,1824400C0,12,12,Med-Prelim/Radiology,1109140P2,3,3,Radiology-Diagnostic,1824420A0,12,12,Med-Prelim/Radiation,Onc,1109140P3,1,1,Radiation,Oncology,1824430A0,3,3,Neurological,Surgery,1109160C0,2,2,Radiation,Oncology,1824430R0,0,0,Neurology,1109180C0,8,8,General,Surgery,1824440C0,6,6,Obstetrics-Gynecology,1109220C0,6,6,Surgery-Preliminary,1824440P0,8,7,Orthopaedic,Surgery,1109260C0,4,4,U,Miami,MSOM/Holy,Cross-FL,Otolaryngology,1109280C0,3,3,Pathology,1109300C0,3,3,Miami,Code,Quota,Matched,Pediatrics,1109320C0,12,12,Internal,Medicine,1821140C0,14,14,Phys,Medicine,&,Rehab,1109340C2,3,3,Medicine-Preliminary,1821140P0,6,6,Plastic,Surgery,(Integrated),1109362C0,4,4,General,Surgery,1821440C0,3,3,Psychiatry,1109400C0,10,10,Transitional,1821999P0,15,12,Interventional,Radiology,(Integ),1109416A0,2,2,U,Miami/Jackson,Health,System-FL,Radiology-Diagnostic,1109420A0,6,6,Radiation,Oncology,1109430A0,2,2,Miami,Code,Quota,Matched,General,Surgery,1109440C0,7,7,Anesthesiology,1104040A0,2,2,Surgery-Preliminary,1109440P0,4,3,Anesthesiology,1104040C3,26,26,Vascular,Surgery,1109451C0,2,2,Dermatology,1104080A0,6,6,Medicine-Pediatrics,1109700C0,5,5,Dermatology/PhD,Research,1104080A1,1,0,Wellington,Reg,Med,Ctr-FL,Dermatology/DMCH,1104080A2,1,1,Emergency,Medicine,1104110C0,14,14,Wellington,Code,Quota,Matched,Family,Medicine,1104120C0,8,8,Internal,Medicine,2218140C0,8,8,Internal,Medicine,1104140C0,23,23,GEORGIA,Internal,Med/Funded,1104140C1,1,1,Internal,Med/Harrington,1104140C2,12,12,AU-UGA,Medical,Partnership-GA,Internal,Med/Urban,Health,1104140C3,3,3,Athens,Code,Quota,Matched,Medicine-Preliminary,1104140P0,3,3,Internal,Medicine,1744140C0,11,11,Med-Prelim/BPEI,1104140P3,8,8,Medicine-Preliminary,1744140P0,1,1,Neurological,Surgery,1104160C0,3,3,Neurology,1104180A0,3,3,AdventHealth,Redmond-GA,Neurology,1104180C0,9,9,Rome,Code,Quota,Matched,Neurology,1104180R0,1,1,Internal,Medicine,1867140C0,13,13,Obstetrics-Gynecology,1104220C0,8,8,Transitional,1867999P0,13,13,Orthopaedic,Surgery,1104260C0,7,7,Otolaryngology,1104280C0,3,3,Archbold,Medical,Center,Otolaryngology/Research,1104280C1,1,1,Thomasville,Code,Quota,Matched,Pathology,1104300C0,3,3,Internal,Medicine,2324140C0,6,3,Pathology/3-yr,MD,Path,1104300C1,1,1,Pediatrics,1104320C0,21,21,Atrium,Health,Navicent,Med,Ctr-GA,Pediatrics/3-yr,MD,Path,1104320C1,1,1,Macon,Code,Quota,Matched,Phys,Medicine,&,Rehab,1104340A0,8,8,Family,Medicine,1120120C0,8,8,Plastic,Surgery,(Integrated),1104362C0,2,2,Internal,Medicine,1120140C0,10,10,Psychiatry,1104400C0,13,13,Medicine-Preliminary,1120140P0,3,3,Psychiatry/3-Yr,MD,Path,1104400C2,1,1,Obstetrics-Gynecology,1120220C0,4,4,Interventional,Radiology,(Integ),1104416A0,3,3,Pediatrics,1120320C0,5,5,Radiology-Diagnostic,1104420A0,9,9,General,Surgery,1120440C0,6,6,Rad-Diag/International,1104420A2,1,1,Radiology-Diagnostic,1104420R0,1,1,Radiation,Oncology,1104430A0,2,2,Results,and,Data,2024,Main,Residency,Match®,98
NRMP,Program,Results,2024,Main,Residency,Match®,Emory,Univ,SOM-GA,Anesthesiology,1985040R0,1,1,Dermatology,1985080A0,3,3,Atlanta,Code,Quota,Matched,Emergency,Medicine,1985110C0,4,4,Anesthesiology,1113040C0,12,12,Emergency,Medicine/3-yr,MD,Path,1985110C1,2,2,Dermatology,1113080A0,6,6,Family,Medicine,1985120C0,12,6,Emergency,Medicine,1113110C0,20,20,Internal,Medicine,1985140C0,19,19,Family,Medicine,1113120C0,10,10,Internal,Medicine/3-yr,MD,Path,1985140C2,1,1,Internal,Medicine,1113140C0,49,49,Medicine-Preliminary,1985140P0,6,6,Internal,Med/Research,1113140C1,1,1,Neurological,Surgery,1985160C0,1,1,Medicine-Primary,1113140M0,6,6,Neurology,1985180C0,5,5,Medicine-Preliminary,1113140P1,6,6,Child,Neurology,1985185C0,2,0,Neurological,Surgery,1113160C0,4,4,Obstetrics-Gynecology,1985220C0,4,4,Neurology,1113180A0,10,10,Obstetrics-Gynecology/3-yr,MD,Path1985220C1,1,1,Child,Neurology,1113185C0,4,4,Orthopaedic,Surgery,1985260C0,4,4,Child,Neurology,1113185R1,2,0,Otolaryngology,1985280C0,2,2,Obstetrics-Gynecology,1113220C0,9,9,Pathology,1985300C0,4,4,Orthopaedic,Surgery,1113260C0,6,6,Pediatrics,1985320C0,14,11,Otolaryngology,1113280C0,5,5,Pediatrics/3-yr,MD,Path,1985320C1,1,1,Pathology,1113300C0,8,8,Psychiatry,1985400C0,6,6,Pathology/Research,1113300C1,0,0,Psychiatry/CAP,5,yr,1985400C1,1,1,Pediatrics,1113320C0,29,29,Interventional,Radiology,(Integ),1985416A0,1,1,Pediatrics/Research,1113320C1,1,1,Radiology-Diagnostic,1985420A0,6,6,Phys,Medicine,&,Rehab,1113340A0,6,6,General,Surgery,1985440C0,5,5,Plastic,Surgery,(Integrated),1113362C0,2,2,Surg-Prelim/Non-designated,1985440P1,2,1,Psychiatry,1113400C0,11,11,Memorial,Health,Univ,Med,Ctr-GA,Psychiatry/Research,1113400C1,2,2,Interventional,Radiology,(Integ),1113416A0,4,4,Savannah,Code,Quota,Matched,Radiology-Diagnostic,1113420A0,13,13,Family,Medicine,1971120C0,6,3,Radiology-Diag/Research,1113420A1,2,2,Family,Medicine/Waycross,1971120C1,3,3,Rad-Diag/Molecular,Imaging,1113420A3,1,1,Internal,Medicine,1971140C0,14,7,Rad-Diag/Physician,1113420R0,2,2,Internal,Medicine/Rural,1971140C1,3,0,Radiation,Oncology,1113430A0,4,4,Obstetrics-Gynecology,1971220C0,4,4,General,Surgery,1113440C0,10,10,Pediatrics,1971320C0,9,0,Surgery-Preliminary,1113440P0,4,4,Radiology-Diagnostic,1971420A0,5,5,Vascular,Surgery/Clinical,1113451C0,1,1,General,Surgery,1971440C0,5,5,Vascular,Surgery/Research,1113451C1,1,1,Morehouse,Sch,of,Med-GA,Thoracic,Surgery,1113461C0,1,1,Medicine-Psychiatry,1113715C0,2,2,Atlanta,Code,Quota,Matched,Pediatrics-Medical,Genetics,1113765C0,1,1,Family,Medicine,2099120C0,6,6,Transitional,1113999P0,8,6,Family,Medicine/Dominican,Hospita2l099120C1,8,8,Transitional/Neurology,1113999P2,10,10,Internal,Medicine,2099140C0,25,25,Transitional/Radiology,1113999P3,8,8,Medicine-Preliminary,2099140P0,4,4,Transitional/Rad,Oncology,1113999P5,1,1,Neurology,2099180C0,3,3,Transitional/Dermatology,1113999P6,0,0,Obstetrics-Gynecology,2099220C0,4,4,Floyd,Med,Ctr-GA,Pediatrics,2099320C0,6,2,Psychiatry,2099400C0,5,5,Rome,Code,Quota,Matched,General,Surgery,2099440C0,3,3,Family,Medicine,1992120C0,9,3,Surgery-Preliminary,2099440P0,6,1,Gateway,Behavioral,Hlth,Comm,Svc-GA,Northeast,Georgia,Med,Ctr,Savannah,Code,Quota,Matched,Gainesville,Code,Quota,Matched,Psychiatry,2165400C0,7,7,Emergency,Medicine,2166110C0,12,12,Hamilton,Med,Ctr-GA,Family,Medicine,2166120C0,12,12,Internal,Medicine,2166140C0,20,20,Dalton,Code,Quota,Matched,Medicine-Primary,2166140M0,4,4,Family,Medicine,2222120C0,6,6,Psychiatry,2166400C0,6,6,Internal,Medicine,2222140C0,15,15,General,Surgery,2166440C0,6,6,Houston,Healthcare-GA,Transitional,2166999P0,12,12,Northside,Hospital,Gwinnett-GA,Warner,Robins,Code,Quota,Matched,Family,Medicine,2130120C0,6,6,Lawrenceville,Code,Quota,Matched,Medical,College,of,Georgia,Family,Medicine,1796120C0,8,8,Internal,Medicine,1796140C0,15,15,Augusta,Code,Quota,Matched,Transitional,1796999P0,7,7,Anesthesiology,1985040C0,11,11,Results,and,Data,2024,Main,Residency,Match®,99
NRMP,Program,Results,2024,Main,Residency,Match®,Phoebe,Putney,Mem,Hosp-GA,University,of,Hawaii,Albany,Code,Quota,Matched,Honolulu,Code,Quota,Matched,Family,Medicine,1020120C0,8,8,Family,Medicine,3350120C0,7,7,Piedmont,Athens,Regional-GA,Internal,Medicine,3350140C0,20,20,Medicine-Primary,3350140M1,4,4,Athens,Code,Quota,Matched,Medicine-Preliminary,3350140P0,3,3,Internal,Medicine,1805140C0,21,21,Obstetrics-Gynecology,3350220C0,6,6,Transitional,1805999P0,10,7,Orthopaedic,Surgery,3350260C0,1,1,Piedmont,Columbus,Regional-GA,Ortho,Surgery/Research,3350260C1,1,1,Pathology,3350300C0,2,1,Columbus,Code,Quota,Matched,Pediatrics,3350320C0,8,8,Family,Medicine,1118120C0,12,12,Psychiatry,3350400C0,8,8,Piedmont,Macon,Med,Ctr-GA,General,Surgery,3350440C0,5,5,IDAHO,Macon,Code,Quota,Matched,Eastern,Idaho,Reg,Med,Ctr,Emergency,Medicine,1972110C0,8,8,Internal,Medicine,1972140C0,10,10,Idaho,Falls,Code,Quota,Matched,Psychiatry,1972400C0,5,3,Family,Medicine,2140120C0,6,6,Transitional,1972999P0,13,10,Internal,Medicine,2140140C0,10,5,South,Georgia,Med,Ctr,Psychiatry,2140400C0,4,4,Valdosta,Code,Quota,Matched,Full,Circle,Health-ID,Internal,Medicine,2292140C0,8,8,Boise,Code,Quota,Matched,South,Georgia,Med,Ed,&,Res,Consortium,Family,Medicine/Boise,3039120C0,12,12,Family,Medicine/Caldwell,3039120C1,4,4,Moultrie,Code,Quota,Matched,Family,Medicine/Magic,Valley,3039120C2,2,2,Family,Medicine,2147120C0,4,2,Family,Medicine/Nampa,3039120C3,6,6,Psychiatry,2147400C0,3,3,Pediatrics,3039320C0,4,4,St,Francis-Emory,Healthcare-GA,Idaho,State,University,Columbus,Code,Quota,Matched,Pocatello,Code,Quota,Matched,Internal,Medicine,2326140C0,10,3,Family,Medicine,1005120C0,8,8,Psychiatry,2326400C0,7,5,Family,Medicine/Rexburg,1005120C1,1,1,WellStar,Health,System-GA,Family,Medicine/Rupert/Rural,1005120C2,1,1,Marietta,Code,Quota,Matched,Kootenai,Health-ID,Emergency,Med/Kennestone,1814110C0,12,12,Coeur,D'Alene,Code,Quota,Matched,Family,Medicine/Kennestone,1814120C0,8,8,Family,Medicine,1593120C0,7,7,Family,Medicine/Douglas,1814120C1,5,5,U,Washington,Boise-ID,Internal,Med/Kennestone,1814140C0,13,13,Internal,Medicine/Cobb,1814140C1,10,10,Boise,Code,Quota,Matched,Internal,Medicine/Spalding,1814140C2,9,9,Internal,Medicine,1172140C0,11,11,Med-Primary/Kennestone,1814140M0,4,4,Medicine-Preliminary,1172140P1,4,4,Ob-Gyn/Kennestone,1814220C0,4,4,Psychiatry,1172400C0,4,4,Ortho,Surgery/Kennestone,1814260C0,4,4,ILLINOIS,Gen,Surgery/Kennestone,1814440C0,4,4,Surgery-Prelim/Kennestone,1814440P0,1,1,Advocate,Health,Care-IL,Transitional/Kennestone,1814999P0,20,20,Downers,Grove,Code,Quota,Matched,HAWAII,Anesthesiology/AIMMC,2117040C0,6,6,Hilo,Medical,Center-HI,Anesthesiology/AIMMC,2117040R0,2,2,Emergency,Medicine/ACMC,2117110C0,14,14,Hilo,Code,Quota,Matched,Family,Medicine/ACMC,2117120C0,7,7,Family,Medicine,1691120C0,6,4,Family,Medicine/AIMMC,2117120C1,8,8,Kaiser,Permanente,Hawaii,Family,Medicine/ALGH,2117120C2,9,9,Internal,Medicine/AIMMC,2117140C0,16,16,Honolulu,Code,Quota,Matched,Internal,Medicine/ALGH,2117140C1,19,19,Internal,Medicine,1727140C0,5,5,Internal,Medicine/ACMC,2117140C2,21,21,Tripler,Army,Med,Ctr-HI,Med-Prelim/AIMMC,2117140P0,8,8,Med-Prelim/ALGH,2117140P1,8,8,Tripler,Amc,Code,Quota,Matched,Med-Prelim/ACMC,2117140P2,4,4,Internal,Medicine,1431140C0,6,6,Obstetrics-Gynecology/AIMMC,2117220C0,3,3,Radiology-Diagnostic,1431420C0,1,1,Obstetrics-Gynecology/ALGH,2117220C1,4,4,Pediatrics/ACMC,2117320C0,13,13,Pediatrics/ALGH,2117320C1,13,11,Results,and,Data,2024,Main,Residency,Match®,100
NRMP,Program,Results,2024,Main,Residency,Match®,Advocate,Health,Care-IL,(Continued),Orthopaedic,Surgery,1950260C0,4,4,Radiology-Diagnostic,1950420C0,4,4,Psychiatry/ALGH,2117400C0,4,4,General,Surgery,1950440C0,3,3,Radiology-Diagnostic/AIMMC,2117420A0,3,3,Hinsdale,Hospital-IL,General,Surgery,2117440C0,7,7,Surgery-Preliminary,2117440P0,2,2,Hinsdale,Code,Quota,Matched,Ascension,Resurrection-IL,Family,Medicine,3006120C0,9,9,Chicago,Code,Quota,Matched,La,Grange,Mem,Hosp-IL,Emergency,Medicine,1937110C0,13,13,La,Grange,Code,Quota,Matched,Family,Medicine,1937120C0,6,6,Family,Medicine,3037120C0,7,7,Transitional,1937999P0,14,14,Lawndale,Christian,Health,Ctr-IL,Ascension,St,Alexius-IL,Chicago,Code,Quota,Matched,Hoffman,Estates,Code,Quota,Matched,Family,Medicine,2237120C0,8,8,Obstetrics-Gynecology,2340220C0,6,6,Loyola,Univ,Med,Ctr-IL,Ascension,St,Francis-IL,Maywood,Code,Quota,Matched,Evanston,Code,Quota,Matched,Anesthesiology,1170040C0,13,13,Internal,Medicine,1168140C0,16,16,Dermatology,1170080A0,3,3,Medicine-Preliminary,1168140P0,5,5,Emergency,Medicine,1170110C0,6,6,Transitional,1168999P0,10,10,Internal,Medicine,1170140C0,34,34,Ascension,St,Joseph-IL,Medicine-Preliminary,1170140P0,4,4,Neurological,Surgery,1170160C0,2,2,Chicago,Code,Quota,Matched,Neurology,1170180C0,6,6,Family,Medicine,1405120C0,6,6,Obstetrics-Gynecology,1170220C0,5,5,Internal,Medicine,1405140C0,16,16,Orthopaedic,Surgery,1170260C0,5,5,Medicine-Preliminary,1405140P0,7,7,Otolaryngology,1170280C0,3,3,Obstetrics-Gynecology,1405220C0,3,3,Pathology,1170300C0,4,4,General,Surgery,1405440C0,2,2,Pediatrics,1170320C0,10,10,Surgery-Preliminary,1405440P0,2,1,Plastic,Surgery,(Integrated),1170362C0,1,1,Transitional,1405999P0,6,6,Psychiatry,1170400C0,6,6,Ascension,St,Mary-IL,Radiology-Diagnostic,1170420A0,7,7,Radiation,Oncology,1170430A0,2,2,Chicago,Code,Quota,Matched,General,Surgery,1170440C0,7,7,Family,Medicine,1389120C0,12,6,Surgery-Preliminary,1170440P0,10,3,Carle,Foundation,Hosp-IL,Vascular,Surgery,1170451C0,1,1,Medicine-Pediatrics,1170700C0,4,4,Urbana,Code,Quota,Matched,MacNeal,Hospital-IL,Internal,Medicine,1226140C0,12,12,Int,Med/ABIM,Research,Path,1226140C1,0,0,Berwyn,Code,Quota,Matched,Medicine-Primary,1226140M0,2,2,Family,Medicine,1121120C0,11,11,Medicine-Preliminary,1226140P0,3,0,Internal,Medicine,1121140C0,14,14,Neurology,1226180C0,1,1,Transitional,1121999P0,10,10,Obstetrics-Gynecology,1226220C0,4,4,Transitional/Ophthalmology,1121999P1,4,2,Psychiatry,1226400C0,4,4,Marianjoy,Rehab,Hosp-IL,General,Surgery,1226440C0,4,4,Vascular,Surgery,1226451C0,1,1,Wheaton,Code,Quota,Matched,Cook,County,Health,and,Hosps,Sys-IL,Phys,Medicine,&,Rehab,1103340A0,6,6,Chicago,Code,Quota,Matched,Mercyhealth,GME,Consortium-IL,Anesthesiology,1127040C0,9,9,Rockford,Code,Quota,Matched,Anesthesiology,-,PGY2,Match,1,cad1127040R1,1,1,Family,Medicine,2163120C0,10,10,Dermatology,1127080A0,4,3,Internal,Medicine,2163140C0,13,13,Dermatology,1127080R0,2,2,Mt,Sinai,Hosp,Med,Ctr-IL,Emergency,Medicine,1127110C0,17,17,Family,Medicine,1127120C0,12,8,Chicago,Code,Quota,Matched,Internal,Medicine,1127140C0,41,41,Medicine-Preliminary,1144140P0,3,3,Medicine-Primary,1127140M0,4,4,Obstetrics-Gynecology,1144220C0,4,4,Pediatrics,1127320C0,7,7,Northwestern,McGaw/Lurie,Childrens-IL,Radiology-Diagnostic,1127420A0,4,4,Franciscan,Health,Olympia,Fields-IL,Chicago,Code,Quota,Matched,Child,Neurology,1842185C0,4,4,Olympia,Fields,Code,Quota,Matched,Child,Neurology,1842185R0,1,1,Emergency,Medicine,1950110C0,8,8,Pediatrics,1842320C0,36,36,Internal,Medicine,1950140C0,16,12,Results,and,Data,2024,Main,Residency,Match®,101
NRMP,Program,Results,2024,Main,Residency,Match®,Northwestern,McGaw/NMH/VA-IL,Obstetrics-Gynecology,1147220C0,6,6,Orthopaedic,Surgery,1147260C0,5,5,Chicago,Code,Quota,Matched,Otolaryngology,1147280C0,2,2,Anesthesiology/3,Yr,2247040A0,8,8,Pathology,1147300C0,4,4,Anesthesiology/4,Yr,2247040C0,15,15,Pediatrics,1147320C0,11,11,Anesthesiology,2247040R0,1,0,Phys,Medicine,&,Rehab,1147340C0,4,4,Dermatology,2247080A0,5,5,Plastic,Surgery,(Integrated),1147362C0,2,2,Emergency,Medicine,2247110C0,15,15,Psychiatry,1147400C0,8,8,Family,Med/Lake,Forest,2247120C1,8,8,Interventional,Radiology,(Integ),1147416C0,4,4,Family,Med/Delnor,2247120C2,8,8,Radiology-Diagnostic,1147420A0,5,5,Internal,Medicine,2247140C0,33,33,Radiation,Oncology,1147430A1,1,1,Internal,Medicine/PSTP,2247140C1,5,5,Radiation,Oncology,1147430C1,1,1,Medicine-Preliminary,2247140P0,1,1,General,Surgery,1147440C0,9,9,Med-Prelim/Neurology,2247140P1,10,10,Surgery-Preliminary,1147440P0,12,1,Neurological,Surgery,2247160C0,3,3,Medicine-Pediatrics,1147700C0,4,4,Neurology,2247180A0,10,10,Rush-Copley,Mem,Hosp-IL,Obstetrics-Gynecology,2247220C0,12,12,Orthopaedic,Surgery,2247260C0,6,6,Aurora,Code,Quota,Matched,Otolaryngology,2247280C0,4,4,Family,Medicine,1323120C0,4,3,Pathology,2247300C0,7,7,SIU,Carbondale-IL,Pathology/Investigator,Trk,2247300C1,0,0,Plastic,Surgery,(Integrated),2247362C0,3,3,Carbondale,Code,Quota,Matched,Psychiatry,2247400C0,9,9,Family,Medicine,2948120C0,6,6,Psychiatry/Research,2247400C1,1,1,SIU,Decatur-IL,Interventional,Radiology,(Integ),2247416A0,2,2,Radiology-Diagnostic,2247420A0,10,10,Decatur,Code,Quota,Matched,Radiation,Oncology/4,yr,2247430A0,2,2,Family,Medicine,2016120C0,5,3,Radiation,Oncology,2247430R0,1,1,SIU,SOM,&,Affil,Hosps-IL,General,Surgery,2247440C0,6,6,Surgery-Preliminary,2247440P0,4,3,Springfield,Code,Quota,Matched,Vascular,Surgery,2247451C0,1,1,Dermatology,2922080C0,3,3,Thoracic,Surgery,2247461C0,2,2,Emergency,Medicine,2922110C0,8,8,Medicine-Dermatology,2247785C0,1,1,Family,Medicine,2922120C0,10,10,Northwestern,McGaw/SRAL-IL,Family,Medicine/Alton,2922120C1,6,4,Internal,Medicine,2922140C0,16,16,Chicago,Code,Quota,Matched,Neurological,Surgery,2922160C0,1,1,Phys,Medicine,&,Rehab,2155340A0,8,8,Neurology,2922180C0,4,4,Phys,Medicine,&,Rehab,2155340C0,4,4,Obstetrics-Gynecology,2922220C0,4,4,Quincy,Fam,Prac,Ctr-IL,Orthopaedic,Surgery,2922260C0,3,3,Otolaryngology,2922280C0,2,2,Quincy,Code,Quota,Matched,Pediatrics,2922320C0,8,8,Family,Medicine,2026120C0,6,4,Plastic,Surgery,(Integrated),2922362C0,2,2,RFUMS/Chicago,Medical,School-IL,Psychiatry,2922400C0,6,6,Psychiatry/Child,Psych,2922400C2,2,2,North,Chicago,Code,Quota,Matched,Radiology-Diagnostic,2922420C0,4,4,Internal,Medicine,3053140C0,10,10,General,Surgery,2922440C0,4,4,Internal,Medicine/McHenry,3053140C1,13,13,Vascular,Surgery,2922451C0,1,1,Psychiatry,3053400C0,6,6,Medicine-Psychiatry,2922715C0,2,2,Riverside,Medical,Ctr-IL,Schwab,Rehab,Hosp-IL,Kankakee,Code,Quota,Matched,Chicago,Code,Quota,Matched,Internal,Medicine,2177140C0,5,5,Phys,Medicine,&,Rehab,1339340A0,5,5,Psychiatry,2177400C0,3,3,Swedish,Hospital-IL,Rush,University,Med,Ctr-IL,Chicago,Code,Quota,Matched,Chicago,Code,Quota,Matched,Emergency,Medicine,1159110C0,5,5,Anesthesiology,1147040C0,19,19,Family,Medicine,1159120C1,6,6,Anesthesiology,1147040R0,7,7,Internal,Medicine,1159140C0,10,10,Dermatology,1147080A0,3,3,U,Illinois,COM-Chicago,Dermatology,1147080R0,1,1,Emergency,Medicine,1147110C0,12,12,Chicago,Code,Quota,Matched,Family,Medicine,1147120C0,8,8,Anesthesiology,1150040C0,13,13,Internal,Medicine,1147140C0,34,34,Dermatology,1150080A0,4,4,Neurological,Surgery,1147160C0,3,3,Emergency,Medicine,1150110C0,15,15,Neurology,1147180C0,9,9,Family,Medicine/UIH,1150120C1,8,8,Results,and,Data,2024,Main,Residency,Match®,102
NRMP,Program,Results,2024,Main,Residency,Match®,U,Illinois,COM-Chicago,(Continued),Med-Prelim/Neurology,1160140P5,2,2,Med-Prelim/Anesthesia-NShore,1160140P7,2,2,Family,Med/Gibson,City,1150120C2,1,1,Neurological,Surgery,1160160C0,2,2,Internal,Medicine/UIH,1150140C1,34,34,Neurology,1160180A0,8,8,Med-Prelim/UIH,1150140P0,12,12,Neurology,1160180R1,2,2,Neurological,Surgery,1150160C0,2,2,Child,Neurology,1160185C0,2,2,Neurology,1150180C0,6,6,Obstetrics-Gynecology,1160220C0,8,8,Obstetrics-Gynecology,1150220C0,7,7,Orthopaedic,Surgery,1160260C0,5,5,Orthopaedic,Surgery,1150260C0,7,7,Otolaryngology,1160280C0,3,3,Otolaryngology,1150280C0,3,3,Pathology,1160300C0,9,9,Pathology,1150300C1,3,3,Pathology/Clinical,1160300C1,0,0,Pediatrics,1150320C0,12,12,Pathology/NorthShore,1160300C2,3,3,Plastic,Surgery,(Integrated),1150362C0,2,2,Pediatrics,1160320C0,20,20,Psychiatry,1150400C0,10,10,Pediatrics/Med,Education,1160320C1,0,0,Psychiatry/Research,1150400C2,0,0,Pediatrics/Health,Services,1160320C4,1,1,Interventional,Radiology,(Integ),1150416A0,2,2,Plastic,Surgery,(Integrated),1160362C0,3,3,Radiology-Diagnostic,1150420A0,4,4,Psychiatry,1160400C0,6,6,General,Surgery,1150440C0,7,7,Interventional,Radiology,(Integ),1160416A0,2,2,Surg-Prelim/Undesignated,1150440P1,9,2,Radiology-Diagnostic,1160420A0,8,8,Medicine-Pediatrics,1150700C0,4,4,Radiology-Diagnostic,1160420R0,1,1,Medicine-Emergency,Med,1150705C0,3,3,Radiation,Oncology,1160430A0,3,3,U,Illinois,COM-Peoria,OSF,Radiation,Oncology,1160430R0,1,1,General,Surgery,1160440C0,7,7,Peoria,Code,Quota,Matched,Surgery-Preliminary,1160440P2,2,2,Anesthesiology,1175040C0,8,8,Medicine-Pediatrics,1160700C0,4,4,Emergency,Medicine,1175110C0,14,14,Weiss,Memorial,Hospital-IL,Family,Medicine,1175120C0,6,1,Internal,Medicine,1175140C0,12,12,Chicago,Code,Quota,Matched,Neurological,Surgery,1175160C0,1,1,Transitional,1846999P0,8,7,Neurology,1175180C0,5,5,West,Suburban,Med,Ctr-IL,Obstetrics-Gynecology,1175220C0,4,4,Pediatrics,1175320C0,12,6,Oak,Park,Code,Quota,Matched,Radiology-Diagnostic,1175420C0,6,6,Family,Medicine,1173120C0,10,6,General,Surgery,1175440C0,4,4,INDIANA,Medicine-Pediatrics,1175700C0,8,8,Transitional,1175999P0,6,4,Ascension,St,Vincent,Hosp-IN,U,Illinois,COM-Peoria,UPHM,Indianapolis,Code,Quota,Matched,Peoria,Code,Quota,Matched,Family,Medicine,1189120C0,8,2,Family,Medicine/Milwaukee,1189120C1,6,6,Family,Medicine,2267120C0,10,3,Internal,Medicine,1189140C0,16,16,Psychiatry,2267400C0,5,5,Obstetrics-Gynecology,1189220C0,5,5,U,Illinois,COM-Rockford,Pediatrics,1189320C0,6,5,Rockford,Code,Quota,Matched,General,Surgery,1189440C0,3,3,Transitional,1189999P0,18,18,Family,Medicine,2268120C0,8,8,Family,Med/Dixon,Rural,2268120C1,2,2,Community,Health,Network-IN,UIC/Mt,Sinai,Hosp,Med,Ctr-IL,Indianapolis,Code,Quota,Matched,Chicago,Code,Quota,Matched,Family,Medicine,3027120C0,10,5,Family,Med/South,Hospital,3027120C1,4,4,General,Surgery,1287440C0,3,3,Psychiatry,3027400C0,6,6,Surgery-Preliminary,1287440P0,2,0,Deaconess,Hospital-IN,Univ,of,Chicago,Med,Ctr-IL,Chicago,Code,Quota,Matched,Evansville,Code,Quota,Matched,Family,Medicine,3029120C0,8,1,Anesthesiology,1160040A0,7,7,Anesthesiology/UCM,Prelim,1160040C0,13,13,Franciscan,Health-IN,Anesthesiology,1160040R0,1,1,Indianapolis,Code,Quota,Matched,Dermatology,1160080A0,4,4,Family,Medicine,2963120C0,9,9,Emergency,Medicine,1160110C0,18,18,Family,Medicine/NorthShore,1160120C0,6,6,Ft,Wayne,Med,Ed,Prog-IN,Internal,Medicine,1160140C0,29,29,Fort,Wayne,Code,Quota,Matched,Int,Med/MD,Scientist,1160140C1,5,5,Family,Medicine,1178120C0,8,8,Internal,Medicine/NorthShore,1160140C2,16,16,Medicine-Preliminary,1160140P0,4,4,Med-Prelim/NorthShore,1160140P2,16,16,Med-Prelim/Neurology-NShore,1160140P3,4,4,Results,and,Data,2024,Main,Residency,Match®,103
NRMP,Program,Results,2024,Main,Residency,Match®,Indiana,University,SOM,St,Josephs,Reg,Med,Ctr-IN,Indianapolis,Code,Quota,Matched,Mishawaka,Code,Quota,Matched,Anesthesiology,1187040A0,26,26,Family,Medicine,1194120C0,9,9,Anesthesiology,1187040C0,4,4,Union,Hospital-IN,Anesthesiology,1187040R1,2,2,Dermatology,1187080A0,2,2,Terre,Haute,Code,Quota,Matched,Dermatology,1187080C0,2,2,Family,Medicine,3007120C0,7,4,Emergency,Med/Indianapolis,1187110C0,21,21,IOWA,Family,Med/Indianapolis,1187120C0,13,13,Broadlawns,Med,Ctr-IA,Family,Medicine/Arnett,1187120C2,5,4,Family,Medicine/Jasper,1187120C3,5,3,Des,Moines,Code,Quota,Matched,Family,Med/Ball,Memorial,1187120C4,8,8,Family,Medicine,1199120C0,8,8,Internal,Med/Indianapolis,1187140C0,36,36,Transitional,1199999P0,4,4,Internal,Med/SW,Indiana,1187140C1,16,16,Central,Iowa,Health,System,Internal,Med/Ball,Memorial,1187140C2,10,10,Neurological,Surgery,1187160C0,2,2,Des,Moines,Code,Quota,Matched,Neurology,1187180C0,10,10,Emergency,Medicine,1201110C0,6,6,Child,Neurology,1187185C0,2,0,Family,Medicine/Lutheran-DSM,1201120C0,6,3,Neurodevelopmental,Disabilities,1187186C0,2,2,Family,Med/Allen-Waterloo,1201120C1,3,3,Obstetrics-Gynecology,1187220C0,10,10,Internal,Medicine/IA,Methodist,1201140C0,10,10,Orthopaedic,Surgery,1187260C0,5,5,Med-Prelim/IA,Methodist,1201140P0,2,2,Ortho,Surgery/Research,1187260C1,1,1,Pediatrics/Blank,Childrens,1201320C0,7,7,Otolaryngology-Clinical,1187280C0,4,4,General,Surgery/IA,Methodist,1201440C0,4,4,Pathology,1187300C0,5,5,Surg-Prelim/IA,Methodist,1201440P0,2,1,Pediatrics,1187320C0,24,24,Transitional/IA,Methodist,1201999P0,4,4,Pediatrics/Research,1187320C1,1,1,Genesis,Quad,Cities-IA,Phys,Medicine,&,Rehab,1187340A0,4,4,Plastic,Surgery,(Integrated),1187362C0,2,2,Davenport,Code,Quota,Matched,Psychiatry/Indianapolis,1187400C0,6,6,Family,Medicine,2969120C0,6,6,Psychiatry/Vincennes,1187400C1,6,6,Mercy,Med,Ctr-Des,Moines-IA,Psychiatry/Merrillville,1187400C2,6,6,Psychiatry/CAP-Indianapolis,1187400C3,2,2,Des,Moines,Code,Quota,Matched,Interventional,Radiology,(Integ),1187416A0,2,2,Family,Medicine,1346120C0,8,8,Radiology-Diagnostic,1187420A0,9,9,Family,Medicine/Rural,1346120C1,2,1,Radiology-Diagnostic,1187420C0,2,2,Internal,Medicine,1346140C0,10,10,Radiation,Oncology,1187430A0,1,1,Medicine-Primary,1346140M0,3,3,Radiation,Oncology,1187430C0,1,1,Psychiatry,1346400C0,4,4,General,Surgery,1187440C0,10,10,General,Surgery,1346440C1,4,4,Surgery-Preliminary,1187440P0,4,1,MercyOne,North,Iowa,Med,Ctr,Vascular,Surgery,1187451C0,1,1,Thoracic,Surgery,1187461C0,1,1,Mason,City,Code,Quota,Matched,Medicine-Pediatrics,1187700C0,14,14,Family,Medicine,2015120C0,6,4,Pediatrics-Emergency,Med,1187725C0,2,2,Family,Medicine/Waterloo,2015120C1,5,5,Peds/Psych/Child,Psych,1187730C0,2,2,Internal,Medicine,2015140C0,6,6,Pediatrics-Medical,Genetics,1187765C0,1,0,U,Iowa,Hospitals,&,Clinics,Transitional/Methodist,1187999P0,15,15,Transitional/Ball,Memorial,1187999P1,11,11,Iowa,City,Code,Quota,Matched,Marion,Health-IN,Anesthesiology,1203040C0,15,15,Dermatology,1203080A0,7,7,Marion,Code,Quota,Matched,Dermatology,1203080R0,1,1,Family,Medicine,2401120C0,6,6,Emergency,Medicine,1203110C0,10,10,Memorial,Hospital-IN,Family,Medicine/Iowa,City,1203120C0,8,8,Family,Medicine/Sioux,City,1203120C2,6,2,South,Bend,Code,Quota,Matched,Internal,Medicine,1203140C0,23,23,Family,Medicine,1193120C0,10,10,Medicine-Preliminary,1203140P0,3,3,Parkview,Health-IN,Med-Prelim/Ophthalmology,1203140P2,6,6,Neurological,Surgery,1203160C0,2,2,Fort,Wayne,Code,Quota,Matched,Neurology,1203180C0,8,8,Internal,Medicine,2306140C0,15,15,Child,Neurology,1203185C0,2,2,Obstetrics,and,Gynecology,2306220C0,5,5,Obstetrics-Gynecology,1203220C0,4,4,Phys,Medicine,&,Rehab,2306340A0,2,2,Obstetrics-Gynecology/Rural,1203220C1,2,2,Phys,Medicine,&,Rehab,2306340R0,2,2,Orthopaedic,Surgery,1203260C0,7,7,General,Surgery,2306440C0,4,4,Otolaryngology,1203280C0,3,3,Transitional,2306999P0,12,11,Otolaryngology/Research,1203280C1,2,2,Results,and,Data,2024,Main,Residency,Match®,104
NRMP,Program,Results,2024,Main,Residency,Match®,U,Iowa,Hospitals,&,Clinics,(Continued),Radiology-Diagnostic,3054420A0,4,4,General,Surgery,3054440C0,7,7,Pathology,1203300C0,3,3,Surgery-Preliminary,3054440P0,1,1,Pediatrics,1203320C0,15,15,Medicine-Pediatrics,3054700C0,3,3,Plastic,Surgery,(Integrated),1203362C0,1,1,KENTUCKY,Psychiatry,1203400C0,9,9,Interventional,Radiology,(Integ),1203416C0,1,1,Appalachian,Regional,Healthcare-KY,Radiology-Diagnostic,1203420A0,3,3,Lexington,Code,Quota,Matched,Radiology-Diagnostic,1203420C0,4,4,Internal,Medicine,2227140C0,10,10,General,Surgery,1203440C0,7,7,Surgery-Preliminary,1203440P3,2,1,Baptist,Health,Deaconess-KY,Vascular,Surgery,1203451C0,1,1,Madisonville,Code,Quota,Matched,Thoracic,Surgery,1203461C0,1,1,Family,Medicine,2912120C0,6,3,Medicine-Psychiatry,1203715C0,2,2,Psychiatry-Family,Med,1203720C0,2,2,Lake,Cumberland,Regional,Hosp-KY,UnityPoint,Broadlawns-IA,Somerset,Code,Quota,Matched,Des,Moines,Code,Quota,Matched,Family,Medicine,2373120C0,6,5,Internal,Medicine,2373140C0,7,7,Psychiatry,2184400C0,4,4,KANSAS,Lewis,County,Primary,Care,Ctr-KY,U,Kansas,SOM-Kansas,City,Vanceburg,Code,Quota,Matched,Family,Medicine,2400120C0,4,4,Kansas,City,Code,Quota,Matched,St,Elizabeth,Med,Ctr-KY,Anesthesiology,1208040C0,9,9,Anesthesiology,1208040R0,2,2,Edgewood,Code,Quota,Matched,Dermatology,1208080A0,5,5,Family,Medicine,1213120C0,10,10,Emergency,Medicine,1208110C0,11,11,U,Kentucky,Med,Ctr,Family,Medicine,1208120C0,9,9,Family,Medicine/KU-CHCSEK,Rura1l208120C3,2,0,Lexington,Code,Quota,Matched,Internal,Medicine,1208140C0,23,23,Anesthesiology,1848040C0,16,16,Internal,Medicine/Research,1208140C1,0,0,Emergency,Medicine,1848110C0,13,13,Medicine-Preliminary,1208140P0,4,4,Family,Medicine,1848120C0,6,4,Med-Prelim/PM&R,1208140P1,2,2,Family,Med/East,Kentucky,1848120C1,4,3,Med-Prelim/Radiology,1208140P3,2,2,Family,Med/Rural-Morehead,1848120C3,4,2,Med-Prelim/Dermatology,1208140P5,1,1,Internal,Medicine,1848140C0,23,23,Med-Prelim/Radiation,Onc,1208140P6,1,1,Int,Med/Bowling,Green,1848140C1,7,7,Med-Prelim/Ophthalmology,1208140P7,3,3,Medicine-Primary,1848140M0,4,3,Med-Prelim/Int,Radiology,1208140P8,1,1,Medicine-Preliminary,1848140P0,4,4,Neurological,Surgery,1208160C0,2,2,Neurological,Surgery,1848160C0,2,2,Neurology,1208180C0,5,5,Neurology,1848180C0,7,7,Obstetrics-Gynecology,1208220C0,5,5,Child,Neurology,1848185C0,2,2,Orthopaedic,Surgery,1208260C0,4,4,Child,Neurology,1848185R0,1,0,Otolaryngology,1208280C0,4,4,Obstetrics-Gynecology,1848220C0,5,5,Pathology,1208300C0,4,4,Ob-Gyn/Bowling,Green,1848220C1,3,3,Phys,Medicine,&,Rehab,1208340A0,4,4,Orthopaedic,Surgery,1848260C0,5,5,Plastic,Surgery,(Integrated),1208362C0,2,2,Otolaryngology,1848280C0,4,4,Psychiatry,1208400C0,8,8,Pathology,1848300C0,4,4,Interventional,Radiology,(Integ),1208416A0,2,2,Pediatrics,1848320C0,12,12,Radiology-Diagnostic,1208420A0,5,5,Phys,Medicine,&,Rehab,1848340C0,6,6,Radiation,Oncology,1208430A0,2,2,Phys,Medicine,&,Rehab,1848340R0,1,1,General,Surgery,1208440C0,5,5,Plastic,Surgery,(Integrated),1848362C0,2,2,Medicine-Psychiatry,1208715C0,2,2,Psychiatry,1848400C0,4,4,U,Kansas,SOM-Wichita,Psychiatry/Adult,Child,Integ,1848400C2,2,2,Radiology-Diagnostic,1848420A0,8,8,Wichita,Code,Quota,Matched,Radiology-Diagnostic,1848420R0,1,1,Anesthesiology,3054040C0,6,6,Radiation,Oncology,1848430A0,2,0,Family,Med/Via,Christi,3054120C0,18,18,General,Surgery,1848440C0,8,8,Family,Med/Smoky,Hill,3054120C1,5,5,General,Surgery/Bowling,Green,1848440C1,2,2,Family,Med/Wesley,3054120C2,9,9,Surgery-Preliminary,1848440P0,17,3,Internal,Medicine,3054140C0,12,12,Thoracic,Surgery,1848461C0,1,1,Medicine-Preliminary,3054140P0,5,5,Medicine-Pediatrics,1848700C0,6,6,Obstetrics-Gynecology,3054220C0,5,5,Medicine-Psychiatry,1848715C0,2,2,Orthopaedic,Surgery,3054260C0,4,4,Peds/Psych/Child,Psych,1848730C0,2,2,Pediatrics,3054320C0,5,5,Transitional/Bowling,Green,1848999P0,12,8,Psychiatry,3054400C0,6,6,Results,and,Data,2024,Main,Residency,Match®,105
NRMP,Program,Results,2024,Main,Residency,Match®,U,Louisville,SOM-KY,Pediatrics,1224320C0,16,16,Phys,Medicine,&,Rehab,1224340C0,6,6,Louisville,Code,Quota,Matched,Plastic,Surgery,(Integrated),1224362C0,2,2,Anesthesiology,1217040C0,11,11,Psychiatry,1224400C0,12,12,Dermatology,1217080A0,2,2,Interventional,Radiology,(Integ),1224416A0,2,2,Emergency,Medicine,1217110C0,12,12,Radiology-Diagnostic,1224420A0,5,5,Family,Medicine,1217120C0,8,8,General,Surgery,1224440C0,11,11,Family,Med/Glasgow,1217120C1,4,1,Surgery-Preliminary,1224440P3,11,5,Family,Med/Owensboro,1217120C2,6,5,Vascular,Surgery,1224451C0,2,2,Internal,Medicine,1217140C0,24,24,Medicine-Pediatrics,1224700C0,4,4,Medicine-Preliminary,1217140P0,12,12,Medicine-Emergency,Med,1224705C0,2,2,Neurological,Surgery,1217160C0,2,2,Pediatrics-Emergency,Med,1224725C0,1,1,Neurology,1217180A0,1,1,LSUHSC,University,Hosps,&,Clinics-LA,Neurology,1217180C0,6,6,Child,Neurology,1217185C0,3,3,Lafayette,Code,Quota,Matched,Child,Neurology,1217185R0,1,1,Family,Medicine,1225120C0,8,7,Obstetrics-Gynecology,1217220C0,6,6,Internal,Medicine,1225140C0,11,11,Orthopaedic,Surgery,1217260C0,5,5,LSUHSC-Lake,Charles-LA,Otolaryngology,1217280C0,3,3,Pathology,1217300C0,3,3,Lake,Charles,Code,Quota,Matched,Pediatrics,1217320C0,24,22,Family,Medicine,1278120C0,7,4,Phys,Medicine,&,Rehab,1217340A0,4,4,LSUHSC-Shreveport-LA,Plastic,Surgery,(Integrated),1217362C0,2,2,Psychiatry,1217400C0,9,9,Shreveport,Code,Quota,Matched,Radiology-Diagnostic,1217420A0,5,5,Anesthesiology,1232040C0,8,8,Radiology-Diagnostic,1217420R0,1,1,Emergency,Medicine,1232110C0,9,7,Radiation,Oncology,1217430A0,2,2,Family,Medicine,1232120C0,6,6,General,Surgery,1217440C0,9,9,Family,Med/N,Caddo,1232120C1,3,3,Surg-Prelim/Non-Desig,1217440P1,3,0,Family,Med/Monroe,1232120C3,8,8,Medicine-Pediatrics,1217700C0,5,5,Internal,Medicine,1232140C0,27,27,LOUISIANA,Medicine-Preliminary,1232140P0,2,2,Med-Prelim/Ophthalmology,1232140P1,4,4,Baton,Rouge,Gen,Med,Ctr-LA,Neurological,Surgery,1232160C0,2,2,Baton,Rouge,Code,Quota,Matched,Neurology,1232180C0,5,5,Obstetrics-Gynecology,1232220C0,7,7,Family,Medicine,1139120C0,8,4,Orthopaedic,Surgery,1232260C0,4,4,Internal,Medicine,1139140C0,12,12,Otolaryngology,1232280C0,3,3,East,Jefferson,Gen,Hosp-LA,Pathology,1232300C0,3,3,Metairie,Code,Quota,Matched,Pediatrics,1232320C0,9,9,Psychiatry,1232400C0,7,7,Family,Medicine,1404120C0,6,1,Psychiatry/Child/Adult,Psych,1232400C1,2,2,LSU,SOM-Baton,Rouge-LA,Interventional,Radiology,(Integ),1232416C0,1,1,Baton,Rouge,Code,Quota,Matched,Radiology-Diagnostic,1232420C0,4,4,General,Surgery,1232440C0,5,5,Emergency,Medicine,1221110C0,12,12,Surgery-Preliminary,1232440P1,4,1,Internal,Medicine,1221140C0,12,12,Medicine-Pediatrics,1232700C0,5,5,Medicine-Preliminary,1221140P0,3,3,Emergency,Med-Family,Med,1232795C0,2,2,Obstetrics-Gynecology,1221220C0,4,4,Psychiatry,1221400C0,8,8,North,Oaks,Med,Ctr,LLC-LA,LSU,SOM-New,Orleans-LA,Hammond,Code,Quota,Matched,New,Orleans,Code,Quota,Matched,Internal,Medicine,2409140C0,8,4,Anesthesiology,1224040C0,7,7,Ochsner,Clinic,Foundation-LA,Dermatology,1224080A0,6,6,New,Orleans,Code,Quota,Matched,Emergency,Medicine,1224110C0,12,10,Anesthesiology,1966040C0,13,13,Family,Medicine,1224120C0,6,6,Anesthesiology,1966040R1,3,3,Family,Med/Rural-Bogalusa,1224120C1,7,5,Emergency,Medicine,1966110C0,9,9,Internal,Medicine,1224140C0,19,19,Family,Medicine,1966120C1,6,5,Medicine-Preliminary,1224140P0,3,3,Internal,Medicine,1966140C0,17,17,Neurological,Surgery,1224160C0,2,2,Medicine-Primary,1966140M0,2,1,Neurology,1224180C0,4,4,Medicine-Preliminary,1966140P0,2,1,Child,Neurology,1224185C0,1,1,Neurology,1966180C0,3,3,Obstetrics-Gynecology,1224220C0,6,6,Obstetrics-Gynecology,1966220C0,6,6,Orthopaedic,Surgery,1224260C0,5,5,Orthopaedic,Surgery,1966260C0,3,3,Otolaryngology,1224280C0,4,4,Pediatrics,1966320C0,10,10,Pathology,1224300C0,3,3,Results,and,Data,2024,Main,Residency,Match®,106
NRMP,Program,Results,2024,Main,Residency,Match®,Ochsner,Clinic,Foundation-LA,(Continued),Maine,Med,Ctr,Interventional,Radiology,(Integ),1966416C0,1,1,Portland,Code,Quota,Matched,Interventional,Radiology,(Integ),1966416R0,1,1,Anesthesiology,1236040C0,8,8,Radiology-Diagnostic,1966420C0,6,6,Emergency,Medicine,1236110C0,10,10,General,Surgery,1966440C0,7,7,Family,Medicine,1236120C0,7,7,Ochsner,Lafayette,Gen,Med,Ctr-LA,Internal,Medicine,1236140C0,15,15,Internal,Medicine/Geriatrics,1236140C1,1,1,Lafayette,Code,Quota,Matched,Medicine-Primary/Rural,1236140M0,1,1,General,Surgery,2390440C0,3,3,Neurology,1236180A0,1,1,Our,Lady,of,the,Lake,Reg,Med,Ctr-LA,Neurology,1236180C0,3,3,Obstetrics-Gynecology,1236220C0,5,5,Baton,Rouge,Code,Quota,Matched,Pediatrics,1236320C0,8,8,Pediatrics,1421320C0,12,9,Psychiatry,1236400C0,4,4,Rapides,Reg,Med,Ctr-LA,Psychiatry/Comb,General-Child,1236400C1,1,1,Psychiatry/Rural,1236400C2,2,2,Shreveport,Code,Quota,Matched,Interventional,Radiology,(Integ),1236416C0,1,1,Family,Medicine,1273120C0,6,5,Radiology-Diagnostic,1236420C0,4,4,St,Francis,Med,Ctr-LA,General,Surgery,1236440C0,6,6,Vascular,Surgery,1236451C0,1,1,Monroe,Code,Quota,Matched,Medicine-Pediatrics,1236700C0,4,4,Internal,Medicine,2352140C0,15,15,Maine-Dartmouth,Family,Med,Tulane,Univ,SOM-LA,Augusta,Code,Quota,Matched,New,Orleans,Code,Quota,Matched,Family,Medicine,2956120C0,10,10,Anesthesiology,3073040C0,6,6,MARYLAND,Dermatology,3073080A0,4,4,Internal,Medicine,3073140C0,30,30,Anne,Arundel,Med,Ctr-MD,Int,Med-Primary,Care,3073140C1,1,1,Annapolis,Code,Quota,Matched,Internal,Medicine/Research,3073140C2,1,1,Internal,Medicine,1942140C0,15,15,Medicine-Preliminary,3073140P0,8,8,Obstetrics-Gynecology,1942220C0,4,4,Med-Prelim/Radiology,3073140P4,2,2,General,Surgery,1942440C0,3,3,Neurological,Surgery,3073160C0,1,1,General,Surgery/Sponsored,1942440C1,1,0,Neurology,3073180C0,5,5,Obstetrics-Gynecology,3073220C0,6,6,Greater,Baltimore,Med,Ctr-MD,Orthopaedic,Surgery,3073260C0,4,4,Baltimore,Code,Quota,Matched,Otolaryngology,3073280C0,3,3,Internal,Medicine,1241140C0,13,13,Pathology,3073300C0,3,3,Medicine-Preliminary,1241140P0,4,4,Pediatrics,3073320C0,8,8,Pediatrics/Research,3073320C1,1,1,Johns,Hopkins,Hosp-MD,Psychiatry,3073400C0,7,7,Baltimore,Code,Quota,Matched,Radiology-Diagnostic,3073420A1,5,5,Anesthesiology,1242040A0,19,19,General,Surgery,3073440C0,5,5,Anesthesiology/Critical,Care,1242040A1,2,2,Surg-Prelim/Non-Designated,3073440P1,4,0,Anesthesiology/Research,1242040A2,2,2,Medicine-Pediatrics,3073700C0,6,6,Anesthesiology,1242040R0,3,3,Medicine-Psychiatry,3073715C0,2,2,Dermatology,1242080A0,6,6,Peds/Psych/Child,Psych,3073730C0,2,2,Dermatology/Research,1242080A1,1,1,Willis-Knighton,Health,System-LA,Emergency,Medicine,1242110C0,12,12,Shreveport,Code,Quota,Matched,Internal,Medicine,1242140C0,39,39,Internal,Medicine/PSTP,1242140C2,4,4,Internal,Medicine,2313140C0,10,10,Medicine-Primary,1242140M0,4,4,Psychiatry,2313400C0,6,6,Neurological,Surgery,1242160C0,4,4,General,Surgery,2313440C0,3,3,Neurology,1242180A0,10,10,MAINE,Child,Neurology,1242185C0,4,4,Central,Maine,Med,Ctr,Neurodevelopmental,Disabilities,1242186A0,1,1,Neurodevelopmental,Disabilities,1242186C0,1,1,Lewiston,Code,Quota,Matched,Obstetrics-Gynecology,1242220C0,9,9,Family,Medicine,2327120C0,7,6,Orthopaedic,Surgery,1242260C0,6,6,Eastern,Maine,Med,Ctr,Orthopaedic,Surgery/T32,Research,1242260C1,1,1,Otolaryngology,1242280C0,2,2,Bangor,Code,Quota,Matched,Otolaryngology/T32,Research,1242280C1,2,2,Family,Medicine,2520120C0,11,10,Pathology-AP/CP,or,AP,Only,1242300C0,6,6,Psychiatry,2520400C0,4,4,Pathology/CP,Only,1242300C1,1,1,Pathology-AP/NP,1242300C2,1,1,Pediatrics,1242320C0,18,18,Results,and,Data,2024,Main,Residency,Match®,107
NRMP,Program,Results,2024,Main,Residency,Match®,Johns,Hopkins,Hosp-MD,(Continued),Phys,Medicine,&,Rehab,1249340A0,4,4,General,Surgery,1249440C0,4,4,Pediatrics/Research,1242320C1,2,0,St,Agnes,Hospital-MD,Peds/Health,Equity-Urban,Health,1242320C2,2,2,Pediatrics/Global,Health,1242320C3,2,2,Baltimore,Code,Quota,Matched,Phys,Medicine,&,Rehab,1242340A0,8,8,Internal,Medicine,1247140C0,12,12,Plastic,Surgery,(Integrated),1242362C0,4,4,Medicine-Primary,1247140M0,2,2,Psychiatry,1242400C0,10,10,Medicine-Preliminary,1247140P0,4,4,Psychiatry/Peds,1242400C1,1,1,General,Surgery,1247440C0,3,3,Interventional,Radiology,(Integ),1242416A0,4,4,Surgery-Preliminary,1247440P0,4,2,Radiology-Diagnostic,1242420A0,8,8,TidalHealth,Radiation,Oncology,1242430A0,4,4,General,Surgery,1242440C0,6,6,Salisbury,Code,Quota,Matched,Surgery-Preliminary,1242440P0,7,7,Anesthesiology,2316040C0,4,4,Surg-Prelim/Designated,1242440P1,5,0,Internal,Medicine,2316140C0,10,10,Medicine-Pediatrics,1242700C0,4,4,General,Surgery,2316440C0,4,4,Pediatrics-Anesthesiology,1242726C0,2,2,Surgery-Preliminary,2316440P0,2,1,Pediatrics-Medical,Genetics,1242765C0,1,1,U,Maryland,Capital,Region,Health,Medicine-Medical,Genetics,1242766C0,0,0,Radiology-Nuclear,Medicine,1242770A0,1,1,Largo,Code,Quota,Matched,Emergency,Med-Anesthesiology,1242796C0,2,1,Family,Medicine,1905120C0,4,4,Johns,Hopkins/Bayview-MD,Internal,Medicine,1905140C0,14,14,Baltimore,Code,Quota,Matched,U,Maryland,Med,Ctr,Internal,Medicine,1237140C0,9,9,Baltimore,Code,Quota,Matched,Medicine-Primary,1237140M0,7,7,Anesthesiology,1252040A0,8,8,Medicine-Preliminary,1237140P0,1,1,Anesthesiology,1252040C0,8,8,Med-Prelim/Neurology,1237140P1,5,5,Dermatology,1252080A0,3,3,Kaiser,Permanente,Mid-Atlantic-MD,Emergency,Medicine,1252110C0,11,11,Emergency,Med/Military,1252110C2,2,0,Rockville,Code,Quota,Matched,Family,Medicine,1252120C0,10,5,Internal,Medicine,2219140C0,6,6,Internal,Medicine,1252140C0,28,28,MedStar,Franklin,Square,Med,Ctr-MD,Internal,Med/Research,Pathway,1252140C1,2,2,Internal,Med/Intl,Scholars,1252140C2,3,3,Baltimore,Code,Quota,Matched,Medicine-Preliminary,1252140P0,8,8,Family,Medicine,1240120C0,7,7,Med-Prelim/Intl,Scholars,1252140P2,1,1,General,Surgery,1240440C0,3,3,Neurological,Surgery,1252160C0,2,2,Surgery-Preliminary,1240440P0,4,3,Neurology,1252180C0,7,7,Family,Med-Preventive,Med,1240752C0,1,1,Obstetrics-Gynecology,1252220C0,8,8,MedStar,Union,Memorial,Hosp-MD,Orthopaedic,Surgery,1252260C0,6,6,Otolaryngology,1252280C0,3,3,Baltimore,Code,Quota,Matched,Pathology,1252300C0,4,4,Internal,Medicine,1251140C0,44,44,Pediatrics,1252320C0,14,11,Medicine-Preliminary,1251140P0,6,6,Peds-Prelim/Child,Neurology/NDD,1252320P0,1,1,Med-Prelim/Neurology-JHU,1251140P3,4,4,Psychiatry/Sheppard,Pratt,1252400C0,16,16,Med-Prelim/Radiology-GT,1251140P4,0,0,Psychiatry/Physician,Scientist,1252400C1,0,0,Med-Prelim/Anesthesiology-JHU,1251140P5,6,6,Interventional,Radiology,(Integ),1252416A0,2,2,Orthopaedic,Surgery,1251260C0,3,3,Radiology-Diagnostic,1252420A0,7,7,Meritus,Medical,Center-MD,Radiation,Oncology,1252430A0,3,3,General,Surgery,1252440C0,6,6,Hagerstown,Code,Quota,Matched,Surgery-Preliminary,1252440P0,5,5,Family,Medicine,2274120C0,6,6,Surg-Prelim/SACM,1252440P3,1,1,Natl,Insts,of,Health-MD,Surg-Prelim/Int,Radiology,1252440P4,1,1,Thoracic,Surgery,1252461C0,1,1,Bethesda,Code,Quota,Matched,Medicine-Pediatrics,1252700C0,4,4,Neurological,Surgery,2006160C0,1,1,Medicine-Emergency,Med,1252705C0,2,2,Pathology,2006300C0,3,3,Pediatrics-Emergency,Med,1252725C0,2,2,Sinai,Hospital,of,Baltimore-MD,U,Maryland,Med,Ctr,Midtown,Campus,Baltimore,Code,Quota,Matched,Baltimore,Code,Quota,Matched,Internal,Medicine,1249140C0,16,16,Internal,Medicine,1244140C0,9,9,Medicine-Preliminary,1249140P0,3,3,Transitional,1244999P0,6,6,Med-Prelim/Anesthesiology,1249140P1,3,3,Transitional/Ophthalmology,1244999P1,4,4,Obstetrics-Gynecology,1249220C0,4,4,Orthopaedic,Surgery,1249260C0,2,2,Pediatrics,1249320C0,9,9,Results,and,Data,2024,Main,Residency,Match®,108
NRMP,Program,Results,2024,Main,Residency,Match®,U,Maryland,Mercy,Med,Ctr,Psychiatry,1257400C0,8,8,Interventional,Radiology,(Integ),1257416A0,1,1,Baltimore,Code,Quota,Matched,Radiology-Diagnostic,1257420A0,9,9,Medicine-Preliminary,1245140P0,12,12,General,Surgery,1257440C0,5,5,Med-Prelim/Anesthesiology-JHU,1245140P1,6,6,Surgery-Preliminary,1257440P0,5,2,MASSACHUSETTS,Surg-Prelim/Int,Radiology,1257440P2,0,0,Psychiatry-Family,Med,1257720C0,2,2,B,I,Deaconess,Med,Ctr-MA,Cambridge,Health,Alliance-MA,Boston,Code,Quota,Matched,Cambridge,Code,Quota,Matched,Anesthesiology,1256040A0,6,6,Family,Medicine/Tufts,1268120C0,8,8,Anesthesiology,1256040C0,14,14,Medicine-Primary,1268140M0,8,8,Anesthesiology/Clin,Scientist,1256040C1,2,2,Psychiatry,1268400C0,8,8,Emergency,Medicine,1256110C0,13,13,Transitional,1268999P0,7,7,Internal,Medicine,1256140C0,50,50,Medicine-Primary,1256140M0,4,4,Childrens,Hospital-Boston-MA,Medicine-Preliminary,1256140P0,8,8,Boston,Code,Quota,Matched,Neurological,Surgery,1256160C0,1,1,Child,Neurology,1259185A0,1,1,Neurology,1256180C0,8,8,Child,Neurology,1259185C0,6,6,Obstetrics-Gynecology,1256220C0,6,6,Child,Neurology,1259185R0,1,1,Otolaryngology,1256280C0,2,2,Neurodevelopmental,Disabilities,1259186A0,1,1,Pathology,1256300C0,9,9,Peds/Childrens,Hosp,1259320C0,34,34,Pathology/AP-NP,1256300C2,0,0,Pediatrics/LEAD-BMC,1259320C1,11,11,Plastic,Surgery,(Integrated),1256362C0,2,2,Pediatrics-Anesthesiology,1259726C0,2,2,Psychiatry,1256400C0,8,8,Peds/Psych/Child,Psych,1259730C0,2,2,Psychiatry/Research,1256400C1,1,1,Pediatrics-Medical,Genetics,1259765C0,2,2,Psychiatry/Community,1256400C2,1,1,Interventional,Radiology,(Integ),1256416A0,3,3,Grtr,Lawrence,Fam,Hlth,Ctr-MA,Radiology-Diagnostic,1256420A0,9,9,Lawrence,Code,Quota,Matched,Radiology-Diagnostic,1256420R0,1,1,Family,Medicine,1283120C0,12,12,General,Surgery,1256440C0,9,9,Surgery-Preliminary,1256440P0,5,5,Harvard,South,Shore-MA,Vascular,Surgery,1256451C0,1,1,Boston,Code,Quota,Matched,Transitional/Brockton-BIDMC,1256999P0,9,9,Psychiatry,3120400C0,8,8,Baystate,Franklin,Med,Ctr-MA,Lahey,Clinic-MA,Greenfield,Code,Quota,Matched,Burlington,Code,Quota,Matched,Family,Medicine,2303120C0,4,4,Anesthesiology,3130040C0,8,8,Berkshire,Med,Ctr-MA,Internal,Medicine,3130140C0,12,12,Pittsfield,Code,Quota,Matched,Med-Prelim/Neurology-Tufts,3130140P1,6,6,Plastic,Surgery,(Integrated),3130362C0,2,2,Internal,Medicine,1281140C0,13,13,Radiology-Diagnostic,3130420A0,6,6,Medicine-Preliminary,1281140P0,5,5,General,Surgery,3130440C0,5,5,Psychiatry,1281400C0,5,5,General,Surgery,1281440C1,2,2,Lemuel,Shattuck,Hosp-MA,Surgery-Preliminary,1281440P1,2,2,Jamaica,Plain,Code,Quota,Matched,Boston,Univ,Med,Ctr-MA,Transitional,3112999P0,8,8,Boston,Code,Quota,Matched,MGB-Brigham,&,Womens,Hosp-MA,Anesthesiology,1257040A0,4,4,Boston,Code,Quota,Matched,Anesthesiology,1257040C0,8,8,Anesthesiology,1265040A0,5,5,Dermatology,1257080A0,5,5,Anesthesiology,1265040C0,20,20,Emergency,Medicine,1257110C0,14,14,Anesthesiology/Research,1265040C1,2,2,Family,Medicine,1257120C0,12,12,Anesthesiology,1265040R0,3,3,Internal,Medicine,1257140C0,42,42,Internal,Medicine,1265140C0,42,42,Int,Med/ABIM,Research,Pathway,1257140C1,1,1,Medicine-Primary/DGM,1265140M0,8,8,Medicine-Primary,1257140M0,3,3,Medicine-Primary/HVMA,1265140M1,4,4,Med-Prelim/Ophthalmology,1257140P2,4,4,Medicine-Preliminary,1265140P0,7,7,Neurology,1257180C0,7,7,Med-Prelim/Neurology,1265140P1,10,10,Child,Neurology,1257185C0,1,1,Neurological,Surgery,1265160C0,3,3,Child,Neurology,1257185R0,1,0,Psychiatry,1265400C0,11,11,Obstetrics-Gynecology,1257220C0,5,5,Psychiatry/Research,1265400C1,3,3,Orthopaedic,Surgery,1257260C0,4,4,Psychiatry/Child,1265400C2,2,2,Ortho,Surgery/Research,1257260C1,1,1,Interventional,Radiology,(Integ),1265416C0,2,2,Otolaryngology,1257280C0,4,4,Radiology-Diagnostic,1265420A0,9,9,Pathology,1257300C0,3,3,Results,and,Data,2024,Main,Residency,Match®,109
NRMP,Program,Results,2024,Main,Residency,Match®,MGB-Brigham,&,Womens,Hosp-MA,(Continued),St,Elizabeths,Med,Ctr-MA,General,Surgery,1265440C0,9,9,Boston,Code,Quota,Matched,Surgery-Preliminary,1265440P0,5,2,Anesthesiology,1266040A0,2,2,Thoracic,Surgery/Non-cardiac,1265461C0,1,1,Anesthesiology,1266040C0,6,6,Thoracic,Surgery/Cardiac,1265461C1,1,1,Anesthesiology,1266040R0,1,1,Med-Peds/Harvard,BWH/CHB,1265700C0,4,4,Internal,Medicine,1266140C0,16,16,MGB-Massachusetts,Gen,Hosp,Medicine-Preliminary,1266140P0,8,3,Psychiatry,1266400C0,6,6,Boston,Code,Quota,Matched,General,Surgery,1266440C0,3,3,Anesthesiology/PG,1-4,1261040C0,24,24,Surgery-Preliminary,1266440P0,5,1,Anesthesiology/Research,1261040C1,3,3,St,Vincent,Hosp-Worcester-MA,Anesthesiology/IS,1261040R0,3,3,Internal,Medicine,1261140C0,42,42,Worcester,Code,Quota,Matched,Internal,Medicine/PSTP,1261140C2,12,12,Internal,Medicine,1290140C0,25,25,Medicine-Primary,1261140M0,7,7,Medicine-Preliminary,1290140P0,2,2,Medicine-Preliminary,1261140P0,7,7,Radiology-Diagnostic,1290420A0,4,4,Med-Prelim/Neurology,1261140P1,8,8,Steward,Carney,Hospital-MA,Neurological,Surgery,1261160C0,4,4,Child,Neurology,1261185C0,2,2,Boston,Code,Quota,Matched,Pediatrics,1261320C0,14,14,Internal,Medicine,1258140C0,8,8,Pediatrics-Preliminary,1261320P0,2,2,Medicine-Preliminary,1258140P0,2,1,Peds/Adult/Child,Psychiatry,1261400C0,2,2,Transitional,1258999P0,7,5,Psychiatry,1261400C1,14,14,Tufts,Medical,Center-MA,Psychiatry/Community,1261400C4,2,2,Interventional,Radiology,(Integ),1261416C0,3,3,Boston,Code,Quota,Matched,Radiology-Diagnostic,1261420A0,8,8,Anesthesiology,1263040C0,10,10,General,Surgery,1261440C0,10,10,Dermatology,1263080A0,5,5,Surgery-Preliminary,1261440P0,4,3,Internal,Medicine,1263140C0,28,28,Vascular,Surgery,1261451C0,2,2,Neurological,Surgery,1263160C0,1,1,Med-Peds/Harvard,MGH,1261700C2,4,4,Neurology,1263180A0,7,7,Mass,General,Brigham-MA,Obstetrics-Gynecology,1263220C0,6,6,Orthopaedic,Surgery,1263260C0,4,4,Boston,Code,Quota,Matched,Otolaryngology,1263280C0,2,2,Dermatology,2395080A0,8,8,Pathology,1263300C0,3,3,Emergency,Medicine,2395110C0,15,15,Phys,Medicine,&,Rehab,1263340A0,3,3,Internal,Medicine/Salem,2395140C0,8,8,Psychiatry,1263400C0,8,8,Medicine-Preliminary/Salem,2395140P0,3,3,Radiology-Diagnostic,1263420A0,6,6,Med-Prelim/Neurology-Salem,2395140P1,0,0,Radiology-Diagnostic,1263420R4,1,1,Neurology,2395180A0,19,19,Radiation,Oncology,1263430A0,2,0,Obstetrics-Gynecology/BWH-MGH2395220C0,11,11,General,Surgery,1263440C0,4,4,Orthopaedic,Surgery,2395260C0,12,12,Surgery-Preliminary,1263440P0,3,3,Otolaryngology/MEEI,2395280C0,4,4,UMass,Chan,-,Baystate-MA,Otolaryngology/MEEI-Research,2395280C1,1,1,Pathology-AP,only,or,AP/CP,2395300C0,17,17,Springfield,Code,Quota,Matched,Pathology-CP,only,2395300C1,4,4,Anesthesiology-4,yr,1286040C0,9,9,Pathology-AP/NP,2395300C2,1,0,Anesthesiology,1286040R0,1,1,Phys,Medicine,&,Rehab/SRH,2395340A0,8,8,Emergency,Medicine,1286110C0,16,16,Plastic,Surgery,(Integrated),2395362C0,3,3,Internal,Medicine,1286140C0,16,16,Radiation,Oncology,2395430A0,7,7,Medicine-Primary,1286140M0,2,2,Medicine/Dermatology,2395785C0,2,2,Obstetrics-Gynecology,1286220C0,6,6,Transitional/NWH,2395999P0,10,10,Pathology,1286300C0,3,3,MetroWest,Med,Ctr-Framingham-MA,Pediatrics,1286320C0,9,8,Peds-Prelim/Boston,Childrens,NDD1286320P1,1,1,Framingham,Code,Quota,Matched,Psychiatry,1286400C0,4,4,Internal,Medicine,1812140C0,8,8,Radiology-Diagnostic,1286420A0,4,4,Transitional,1812999P0,12,11,General,Surgery,1286440C0,7,7,Mt,Auburn,Hospital-MA,Medicine-Pediatrics,1286700C0,8,8,Cambridge,Code,Quota,Matched,UMass,Chan,Medical,School-MA,Internal,Medicine,1269140C0,14,14,Worcester,Code,Quota,Matched,Medicine-Primary,1269140M0,0,0,Anesthesiology,3050040C0,8,8,Medicine-Preliminary,1269140P0,8,8,Dermatology,3050080A0,4,4,Radiology-Diagnostic,1269420A0,3,3,Emergency,Medicine,3050110C0,14,14,Fam,Med/Hahnemann,FHC,3050120C0,4,4,Results,and,Data,2024,Main,Residency,Match®,110
NRMP,Program,Results,2024,Main,Residency,Match®,UMass,Chan,Medical,School-MA,(Continued),Ascension,St,John,Hosp-MI,Fam,Med/Queen,St,FHC,3050120C1,4,4,Detroit,Code,Quota,Matched,Family,Med/Barre,FHC,3050120C2,4,4,Emergency,Medicine,1915110C0,12,11,Family,Med/Fitchburg,3050120C3,5,5,Family,Medicine,1915120C0,7,7,Internal,Medicine,3050140C0,33,33,Internal,Medicine,1915140C0,21,21,Medicine-Primary,3050140M0,4,4,Obstetrics-Gynecology,1915220C0,4,4,Medicine-Preliminary,3050140P0,8,8,Pathology,1915300C0,2,2,Med-Prelim/Neurology,3050140P1,8,8,Pediatrics,1915320C0,10,3,Neurological,Surgery,3050160C0,1,1,General,Surgery,1915440C0,5,5,Neurology,3050180A0,8,8,Surgery-Preliminary,1915440P0,2,0,Neurology,3050180R0,1,1,Authority,Health,GME-MI,Obstetrics-Gynecology,3050220C0,6,6,Orthopaedic,Surgery,3050260C0,4,4,Detroit,Code,Quota,Matched,Ortho,Surgery/Research,3050260C1,1,1,Family,Medicine,1920120C0,6,6,Otolaryngology,3050280C0,1,1,Internal,Medicine,1920140C0,5,5,Pathology,3050300C0,5,5,Pediatrics,1920320C0,7,7,Pediatrics,3050320C0,8,8,Psychiatry,1920400C0,6,6,Plastic,Surgery,(Integrated),3050362C0,2,2,Central,Michigan,University,COM,Psychiatry,3050400C0,4,4,Psychiatry/Child,Psych,3050400C1,2,2,Saginaw,Code,Quota,Matched,Interventional,Radiology,(Integ),3050416A0,1,1,Emergency,Medicine,1320110C0,8,6,Radiology-Diagnostic,3050420A0,6,6,Emergency,Medicine/MIDOCS,1320110C2,1,1,General,Surgery,3050440C0,8,8,Family,Medicine,1320120C0,6,4,Surgery-Preliminary,3050440P0,4,4,Family,Medicine/MIDOCS,1320120C1,3,0,Vascular,Surgery,3050451C0,2,2,Internal,Medicine,1320140C0,12,12,Medicine-Pediatrics,3050700C0,4,4,Obstetrics-Gynecology,1320220C0,4,4,Psychiatry-Neurology,3050755C1,1,1,Pediatrics,1320320C0,5,2,MICHIGAN,Psychiatry,1320400C0,6,6,Psychiatry/MIDOCS,1320400C1,2,2,Ascension,Genesys,Hospital-MI,General,Surgery,1320440C0,4,4,Grand,Blanc,Code,Quota,Matched,Childrens,Hosp,of,Michigan,Emergency,Medicine,1308110C0,7,0,Family,Medicine,1308120C0,10,8,Detroit,Code,Quota,Matched,Internal,Medicine,1308140C0,13,13,Pediatrics,1843320C0,27,27,Obstetrics-Gynecology,1308220C0,3,3,Peds-Prelim/Child,Neurology,1843320P0,2,2,Orthopaedic,Surgery,1308260C0,3,3,Corewell,Health,East,Beaumont-MI,General,Surgery,1308440C0,3,3,Southfield,Code,Quota,Matched,Ascension,Macomb-Oakland,Hosp-MI,Anesthesiology/Royal,Oak,1978040C0,6,6,Warren,Code,Quota,Matched,Dermatology/Trenton,1978080C0,2,2,Emergency,Medicine,1930110C0,10,4,Derm/Farm,Hills/Osteopathic,1978080C2,2,2,Family,Medicine/Osteopathic,1930120C0,6,6,Emergency,Medicine/Royal,Oak,1978110C0,14,14,Internal,Medicine,1930140C0,13,13,Emergency,Med/Farm,Hills,1978110C1,8,8,Neurology,1930180C0,2,2,Emer,Med/Trenton,&,Dearborn,1978110C2,8,5,Obstetrics-Gynecology,1930220C0,3,3,Family,Medicine/Troy,1978120C0,8,8,Orthopaedic,Surgery,1930260C0,2,2,Family,Med/Grosse,Pointe,1978120C1,8,8,Otolaryngology,1930280C0,2,2,Fam,Med/Farm,Hills/Osteopathic,1978120C2,5,5,General,Surgery,1930440C0,4,4,Family,Medicine/Wayne,1978120C3,10,10,Internal,Medicine/Royal,Oak,1978140C0,24,24,Ascension,Providence/MSUCHM-MI,Internal,Medicine/Dearborn,1978140C1,10,10,Southfield,Code,Quota,Matched,Internal,Medicine/Trenton,1978140C2,5,5,Emergency,Medicine,1303110C0,10,10,Internal,Med/Farmington,Hills,1978140C3,10,6,Family,Medicine,1303120C0,9,9,Med-Prelim/Dearborn,1978140P1,3,3,Internal,Medicine,1303140C0,13,13,Neuro,Surg/Royal,Oak,&,Dearborn,1978160C0,1,1,Neurological,Surgery,1303160C0,2,2,Neurology/Farm,Hills,&,Royal,Oak,1978180C0,4,4,Obstetrics-Gynecology,1303220C0,5,5,Obstetrics-Gynecology/Royal,Oak,1978220C0,6,6,Orthopaedic,Surgery,1303260C0,3,3,Obstetrics-Gynecology/Dearborn,1978220C1,4,4,Radiology-Diagnostic,1303420A0,3,3,Obstetrics-Gynecology/Trenton,1978220C2,2,2,General,Surgery,1303440C0,3,3,Obstetrics-Gynecology/Farm,Hills,1978220C3,2,2,Surgery-Preliminary,1303440P0,6,4,Ortho,Surgery/Royal,Oak,&,Taylor,1978260C0,6,6,Vascular,Surgery,1303451C0,1,1,Ortho,Surg/Farm,Hills,&,Dearborn,1978260C1,4,4,Otolaryngology/Farmington,Hills,1978280C0,2,2,Pathology/Royal,Oak,1978300C0,3,3,Pediatrics/Royal,Oak,1978320C0,8,8,Results,and,Data,2024,Main,Residency,Match®,111
NRMP,Program,Results,2024,Main,Residency,Match®,Corewell,Health,East,Beaumont-MI,(Continued),General,Surgery,1295440C0,7,7,General,Surgery/Sinai-Grace,1295440C1,3,3,Phys,Med,&,Rehab/Royal,Oak,1978340C0,4,4,Surgery-Preliminary,1295440P0,10,1,Phys,Medicine,&,Rehab/Taylor,1978340C1,5,5,Medicine-Pediatrics,1295700C0,6,6,Psychiatry/Southfield,1978400C0,6,6,Transitional,1295999P0,18,18,Intervent,Rad,(Integ)/Royal,Oak,1978416C0,2,2,Garden,City,Hospital-MI,Radiology-Diagnostic/Royal,Oak,1978420C0,8,8,Radiology-Diagnostic/Dearborn,1978420C1,5,5,Garden,City,Code,Quota,Matched,Radiology-Diagnostic/Farm,Hills,1978420C2,3,3,Emergency,Medicine,2106110C0,6,6,Radiation,Oncology/Royal,Oak,1978430C0,3,3,Internal,Medicine,2106140C0,11,11,Radiation,Oncology/Royal,Oak,1978430R0,2,2,Neurology,2106180C0,2,2,General,Surgery/Royal,Oak,1978440C0,6,6,Orthopaedic,Surgery,2106260C0,2,2,Gen,Surg/Trenton,&,Dearborn,1978440C1,4,4,General,Surgery,2106440C0,3,3,General,Surgery/Farm,Hills,1978440C2,3,3,Henry,Ford,Hospital-MI,Surg-Prelim/Royal,Oak,1978440P0,2,0,Medicine-Pediatrics/Royal,Oak,1978700C0,4,4,Detroit,Code,Quota,Matched,Trans/Ophthalmology/Royal,Oak,1978999P1,3,3,Anesthesiology,1300040C0,14,14,Trans/Ophthal/Dearborn,&,Taylor,1978999P4,2,2,Dermatology,1300080A0,7,7,Corewell,Health,Lakeland-MI,Dermatology,1300080R0,1,1,Emergency,Medicine,1300110C0,15,15,Saint,Joseph,Code,Quota,Matched,Family,Medicine,1300120C0,8,8,Emergency,Medicine,1951110C0,9,9,Internal,Medicine,1300140C0,37,37,Family,Medicine,1951120C0,6,3,Neurological,Surgery,1300160C0,2,2,Internal,Medicine,1951140C0,9,6,Neurology,1300180C0,8,8,Corewell,Health-Grand,Rapids/MSU-MI,Obstetrics-Gynecology,1300220C0,5,5,Orthopaedic,Surgery,1300260C0,6,6,Grand,Rapids,Code,Quota,Matched,Otolaryngology,1300280C0,3,3,Emergency,Medicine,2077110C0,10,10,Pathology,1300300C0,4,4,Family,Medicine,2077120C1,6,3,Psychiatry,1300400C0,6,6,Internal,Medicine,2077140C0,15,15,Interventional,Radiology,(Integ),1300416C0,1,1,Neurological,Surgery,2077160C0,1,1,Radiology-Diagnostic,1300420C0,8,8,Neurology,2077180C1,4,4,Radiation,Oncology,1300430A0,1,1,Child,Neurology,2077185C0,2,2,General,Surgery,1300440C0,6,6,Obstetrics-Gynecology,2077220C0,8,8,Surgery-Preliminary,1300440P0,2,1,Orthopaedic,Surgery,2077260C0,5,5,Medicine-Emergency,Med,1300705C0,2,2,Pediatrics,2077320C0,20,20,Transitional,1300999P0,17,17,Plastic,Surgery,(Integrated),2077362C0,3,3,Henry,Ford,Jackson,Hospital-MI,Interventional,Radiology,(Integ),2077416C0,3,3,Radiology-Diagnostic,2077420C0,3,3,Jackson,Code,Quota,Matched,General,Surgery,2077440C0,7,7,Emergency,Medicine,1741110C0,10,6,Surgery-Preliminary,2077440P0,2,0,Family,Medicine,1741120C0,6,6,Vascular,Surgery,2077451C0,1,1,Internal,Medicine,1741140C0,8,8,Medicine-Pediatrics,2077700C0,4,4,Psychiatry,1741400C0,4,4,Transitional,2077999P0,6,6,General,Surgery,1741440C0,4,4,Detroit,Med,Ctr/WSU-MI,Transitional,1741999P0,6,6,Detroit,Code,Quota,Matched,Henry,Ford,Macomb,Hospital-MI,Anesthesiology,1295040C0,12,12,Clinton,Township,Code,Quota,Matched,Emergency,Medicine,1295110C0,14,14,Emergency,Medicine,1924110C0,8,8,Emergency,Med/Sinai-Grace,1295110C1,12,12,Family,Medicine,1924120C0,4,4,Family,Medicine,1295120C0,5,5,Internal,Medicine,1924140C0,13,13,Int,Med/Det/Harper/VA,1295140C0,39,39,Obstetrics-Gynecology,1924220C0,3,3,Internal,Med/Sinai-Grace,1295140C1,24,24,Orthopaedic,Surgery,1924260C0,2,2,Internal,Medicine/HVSH,1295140C2,8,8,Otolaryngology,1924280C0,1,1,Neurology,1295180C0,10,10,General,Surgery,1924440C0,4,4,Child,Neurology,1295185A0,2,2,Henry,Ford,Wyandotte,Hospital-MI,Child,Neurology,1295185R0,1,0,Obstetrics-Gynecology,1295220C0,10,10,Wyandotte,Code,Quota,Matched,Orthopaedic,Surgery,1295260C0,4,4,Emergency,Medicine,2043110C0,8,7,Otolaryngology/Huron,Valley,1295280C1,2,2,Obstetrics-Gynecology,2043220C0,3,3,Pathology,1295300C0,4,4,General,Surgery,2043440C0,3,3,Phys,Medicine,&,Rehab,1295340A0,4,4,Hurley,Medical,Ctr-MI,Psychiatry,1295400C0,8,8,Psychiatry/Child,Psych,1295400C2,2,2,Flint,Code,Quota,Matched,Radiology-Diagnostic,1295420A0,6,6,Internal,Medicine,1307140C0,15,15,Radiation,Oncology,1295430A0,1,0,Results,and,Data,2024,Main,Residency,Match®,112
NRMP,Program,Results,2024,Main,Residency,Match®,Hurley,Medical,Ctr-MI,(Continued),Promedica,Monroe,Reg,Hosp-MI,Obstetrics-Gynecology,1307220C0,4,4,Monroe,Code,Quota,Matched,Pediatrics,1307320C0,7,7,Family,Medicine,1530120C0,8,8,Medicine-Pediatrics,1307700C0,3,3,Sparrow,Hospital-MI,MSUCOM,Statewide,Campus,Sys-MI,Lansing,Code,Quota,Matched,East,Lansing,Code,Quota,Matched,Emergency,Medicine,1315110C0,10,10,Osteo,Neuromusculo,Med,2123275C0,4,3,Family,Medicine,1315120C0,10,10,Mary,Free,Bed,Hospital-MI,Internal,Medicine,1315140C0,12,12,Neurology,1315180C0,5,5,Grand,Rapids,Code,Quota,Matched,Obstetrics-Gynecology,1315220C0,4,4,Phys,Medicine,&,Rehab,1944340A0,4,4,Pediatrics,1315320C0,8,8,McLaren,Health,Care,Corp-MI,Phys,Medicine,&,Rehab,1315340C0,4,4,General,Surgery,1315440C0,5,5,Grand,Blanc,Code,Quota,Matched,Trinity,Health,Ann,Arbor,Hosp-MI,Anesthesiology/Lansing,1866040C0,4,4,Anesthesiology/Oakland,1866040C1,3,3,Ann,Arbor,Code,Quota,Matched,Anesthesiology/Flint,1866040C2,6,6,Internal,Medicine,1292140C0,17,17,Emergency,Medicine/Macomb,1866110C0,6,6,Obstetrics-Gynecology,1292220C0,5,5,Emergency,Medicine/Oakland,1866110C1,6,1,General,Surgery,1292440C0,5,5,Family,Medicine/Flint,1866120C0,6,6,Transitional,1292999P0,7,7,Family,Medicine/Macomb,1866120C1,4,3,Transitional/PM&R,1292999P1,3,3,Family,Medicine/Oakland,1866120C2,4,4,Transitional/Dermatology,1292999P2,2,2,Family,Medicine/Lansing,1866120C3,4,1,Trinity,Health,Grand,Rapids-MI,Family,Medicine/Bay,1866120C4,4,2,Family,Medicine/Petoskey,1866120C6,2,0,Grand,Rapids,Code,Quota,Matched,Internal,Medicine/Flint,1866140C0,12,12,Family,Medicine,1995120C0,10,10,Internal,Medicine/Lansing,1866140C1,10,1,Internal,Medicine,1995140C0,7,7,Internal,Medicine/Macomb,1866140C2,10,10,Neurology,1995180C0,4,4,Internal,Medicine/Oakland,1866140C3,7,6,Transitional,1995999P0,6,6,Obstetrics-Gynecology/Lansing,1866220C0,3,3,Trinity,Health,Livingston,Hosp-MI,Obstetrics-Gynecology/Macomb,1866220C1,2,2,Orthopaedic,Surgery/Flint,1866260C0,4,4,Howell,Code,Quota,Matched,Orthopaedic,Surgery/Oakland,1866260C1,3,3,Dermatology,1400080A0,5,5,Orthopaedic,Surgery/Macomb,1866260C2,3,3,Family,Medicine,1400120C0,7,7,Orthopaedic,Surgery/Lansing,1866260C3,4,4,Trinity,Health,Livonia,Hosp-MI,Otolaryngology/Oakland,1866280C0,2,2,Radiology-Diagnostic/Oakland,1866420C0,3,3,Livonia,Code,Quota,Matched,General,Surgery/Lansing,1866440C0,3,0,Emergency,Medicine,1418110C0,8,5,General,Surgery/Macomb,1866440C1,5,5,Family,Medicine,1418120C0,7,6,Transitional/Oakland,1866999P0,4,4,Internal,Medicine,1418140C0,15,15,Michigan,St,Univ,CHM-East,Lansing,Psychiatry,1418400C0,7,7,Transitional,1418999P0,12,12,Lansing,Code,Quota,Matched,Trinity,Health,Muskegon-MI,Family,Medicine,2436120C0,4,1,Psychiatry,2436400C0,5,5,Muskegon,Code,Quota,Matched,Psychiatry/Rural,2436400C1,2,2,Emergency,Medicine,2102110C0,7,7,Munson,Med,Ctr-MI,Family,Medicine,2102120C0,6,3,Internal,Medicine,2102140C0,6,6,Traverse,City,Code,Quota,Matched,Obstetrics-Gynecology,2102220C0,3,3,Family,Medicine,1349120C0,6,6,Osteo,Neuromusculo,Med,2102275C0,2,0,MyMichigan,Med,Ctr,Midland-MI,Trinity,Health,Oakland-MI,Midland,Code,Quota,Matched,Pontiac,Code,Quota,Matched,Family,Medicine/Midland,1961120C0,6,6,Internal,Medicine,1319140C0,18,18,Family,Med/Rural-Alpena,1961120C1,2,2,Obstetrics-Gynecology,1319220C0,4,1,Oakland,Integrated,Healthcare,Network-MI,Radiology-Diagnostic,1319420C0,3,3,General,Surgery,1319440C0,2,2,Pontiac,Code,Quota,Matched,Surgery-Preliminary,1319440P0,2,0,Family,Medicine,2404120C0,6,2,Surg-Prelim/Anesthesiology-WSU,1319440P1,2,0,Pine,Rest,Christian,Mental,Hlth,Svcs-MI,Transitional,1319999P0,2,2,Grand,Rapids,Code,Quota,Matched,Psychiatry,1634400C0,10,10,Psychiatry/Rural,1634400C1,2,2,Results,and,Data,2024,Main,Residency,Match®,113
NRMP,Program,Results,2024,Main,Residency,Match®,U,Michigan,Health-West,Western,Michigan,Univ,Stryker,SOM,Wyoming,Code,Quota,Matched,Kalamazoo,Code,Quota,Matched,Emergency,Medicine,2170110C0,6,6,Emergency,Medicine,1314110C0,15,15,Family,Medicine/Osteopathic,2170120C0,5,5,Family,Medicine/Kalamazoo,1314120C0,8,5,Internal,Medicine,2170140C0,6,4,Family,Medicine/Battle,Creek,1314120C1,6,6,Obstetrics-Gynecology,2170220C0,3,3,Family,Med/Kalamazoo,MIDocs,1314120C2,1,0,Orthopaedic,Surgery,2170260C0,2,2,Internal,Medicine,1314140C0,11,11,General,Surgery/Osteopathic,2170440C0,2,2,Internal,Medicine/MIDocs,1314140C1,1,0,U,Michigan,Hosps-Ann,Arbor,Obstetrics-Gynecology,1314220C0,4,4,Orthopaedic,Surgery,1314260C0,3,3,Ann,Arbor,Code,Quota,Matched,Pediatrics,1314320C0,8,8,Anesthesiology,1293040C0,27,27,Pediatrics-Primary/MIDocs,1314320M0,1,0,Dermatology,1293080A0,7,7,Psychiatry,1314400C0,5,5,Emergency,Medicine,1293110C0,16,16,Psychiatry/MIDocs,1314400C1,2,2,Family,Med/Ann,Arbor,1293120C1,12,12,General,Surgery,1314440C0,4,4,Family,Med/Spanish,Ann,Arbor,1293120C3,1,1,Gen,Surg/MIDocs,Rural,Surg,1314440C1,1,1,Internal,Medicine,1293140C0,45,45,Medicine-Pediatrics,1314700C0,4,4,Internal,Medicine/PSTP,1293140C1,0,0,MINNESOTA,Internal,Medicine/PSTP-GI,1293140C2,0,0,Abbott,Northwestern,Hosp-MN,Internal,Medicine/PSTP-Hem,Onc,1293140C3,1,1,Internal,Medicine/PSTP-Cards,1293140C4,0,0,Minneapolis,Code,Quota,Matched,Med-Prelim/Ophthalmology,1293140P2,7,7,Internal,Medicine,1330140C0,11,11,Neurological,Surgery,1293160C0,2,2,Allina,Health-MN,Neurology,1293180C0,9,9,Child,Neurology,1293185C0,4,4,St,Paul,Code,Quota,Matched,Obstetrics-Gynecology,1293220C0,6,6,Family,Medicine,1342120C0,7,7,Orthopaedic,Surgery,1293260C0,8,8,HealthPartners,Institute-MN,Otolaryngology,1293280C0,4,4,Otolaryngology/Research,1293280C1,1,1,St,Paul,Code,Quota,Matched,Pathology,1293300C0,5,5,Dermatology,1335080A0,3,2,Pathology/PSTP,1293300C1,0,0,Dermatology,1335080R0,1,1,Pathology-AP/NP,1293300C2,1,1,Emergency,Medicine,1335110C0,11,11,Pediatrics,1293320C0,19,19,Family,Med/Western,WI,Rural,1335120C2,2,2,Pediatrics/PPSTP,1293320C2,2,2,Hennepin,Co,Med,Ctr-MN,Phys,Medicine,&,Rehab,1293340A0,6,6,Plastic,Surgery,(Integrated),1293362C0,4,4,Minneapolis,Code,Quota,Matched,Psychiatry,1293400C0,12,12,Emergency,Medicine,1329110C0,12,12,Interventional,Radiology,(Integ),1293416C0,3,3,Family,Medicine,1329120C0,11,11,Radiology-Diagnostic,1293420A0,8,8,Internal,Medicine,1329140C0,20,20,Radiation,Oncology,1293430A0,3,3,Med-Primary/MNDOH,Grant,1329140M0,2,2,General,Surgery,1293440C0,7,7,Psychiatry,1329400C0,8,8,Surgery-Preliminary,1293440P0,4,2,General,Surgery,1329440C0,5,5,Vascular,Surgery,1293451C0,1,1,Surgery-Preliminary,1329440P0,2,2,Thoracic,Surgery,1293461C0,2,2,Medicine-Emergency,Med,1329705C0,2,2,Medicine-Pediatrics,1293700C0,8,8,Transitional,1329999P0,1,1,Pediatrics-Medical,Genetics,1293765C0,2,2,Mayo,Clinic,School,of,Grad,Med,Educ-MN,UP,Health,System-Marquette-MI,Rochester,Code,Quota,Matched,Marquette,Code,Quota,Matched,Anesthesiology,1328040C0,17,17,Family,Medicine,2014120C0,6,3,Dermatology,1328080A0,5,5,Wayne,State,University,SOM-MI,Dermatology/Research,1328080A1,1,1,Dermatology,1328080C0,2,2,Detroit,Code,Quota,Matched,Emergency,Medicine,1328110C0,9,9,Anesthesiology,1361040A0,6,6,Family,Medicine,1328120C0,9,9,Anesthesiology,1361040R0,1,1,Family,Medicine/Eau,Claire,1328120C1,5,5,Dermatology,1361080A0,4,4,Family,Medicine/LaCrosse,1328120C2,6,6,Family,Medicine,1361120C0,6,6,Family,Medicine/Mankato,1328120C3,5,5,Family,Medicine/Urban,1361120C1,4,4,Internal,Medicine,1328140C0,49,49,Internal,Medicine,1361140C0,13,13,Int,Med/CI,Research,1328140C1,3,3,Otolaryngology,1361280C0,4,4,Medicine-Preliminary,1328140P0,2,1,Transitional,1361999P0,1,0,Neurological,Surgery,1328160C0,4,4,Transitional/Preventive,Med,1361999P1,2,2,Neurology,1328180C0,11,11,Trans/Radiology-Rochester,1361999P2,3,1,Child,Neurology,1328185C0,2,2,Child,Neurology,1328185R0,1,0,Results,and,Data,2024,Main,Residency,Match®,114
NRMP,Program,Results,2024,Main,Residency,Match®,Mayo,Clinic,School,of,Grad,Med,Educ-MN,Transitional,2299999P0,10,10,(Continued),Transitional/Radiology,2299999P1,2,2,Obstetrics-Gynecology,1328220C0,5,5,Baptist,Mem,Hosp,Golden,Triangle-MS,Orthopaedic,Surgery,1328260C0,12,12,Columbus,Code,Quota,Matched,Otolaryngology,1328280C0,5,5,Internal,Medicine,2266140C0,6,4,Path-Anatomic,and,Clinical,1328300C0,5,5,Path-Anatomic/Neuropathology,1328300C2,1,1,Baptist,Mem,Hosp,North-MS,Path-Physician,Scientist,1328300C4,1,0,Oxford,Code,Quota,Matched,Pediatrics,1328320C0,13,13,Internal,Medicine,2288140C0,12,12,Phys,Medicine,&,Rehab,1328340A0,6,6,Phys,Medicine,&,Rehab,1328340C0,2,2,East,Central,Mississippi,Health,Plastic,Surgery,(Integrated),1328362C0,4,4,Meridian,Code,Quota,Matched,Psychiatry,1328400C0,11,11,Family,Medicine,2144120C0,5,2,Interventional,Radiology,(Integ),1328416A0,1,1,Radiology-Diagnostic,1328420A0,13,13,Forrest,General,Hospital-MS,Radiation,Oncology,1328430A0,3,3,Hattiesburg,Code,Quota,Matched,General,Surgery,1328440C0,10,10,Family,Medicine,1692120C0,8,7,Gen,Surg/Integrated,Comm,&,Rural1328440C2,1,1,Surgery-Preliminary,1328440P0,11,11,Magnolia,Regional,Health,Ctr-MS,Vascular,Surgery,1328451C0,2,2,Corinth,Code,Quota,Matched,U,Minnesota,Med,School,Emergency,Medicine,1923110C0,6,4,Minneapolis,Code,Quota,Matched,Internal,Medicine,1923140C0,9,6,Anesthesiology,1334040C0,10,10,Memorial,Hospital,at,Gulfport-MS,Dermatology,1334080A0,5,5,Gulfport,Code,Quota,Matched,Family,Med/Methodist,1334120C0,6,6,Family,Medicine,2294120C0,10,1,Family,Med/N,Memorial,1334120C1,8,8,Internal,Medicine,2294140C0,9,9,Family,Med/Smileys,1334120C2,6,6,Family,Med/St,Johns,1334120C3,6,6,Mississippi,Med,Ed,Res,Consortium,Family,Med/Woodwinds,1334120C4,8,8,Greenville,Code,Quota,Matched,Family,Med/St,Cloud,1334120C6,6,6,Family,Medicine,2253120C0,10,3,Family,Med/Duluth,1334120C7,8,8,Internal,Medicine,1334140C0,28,28,Mississippi,State,Hospital,Internal,Medicine/PSTP,1334140C1,3,3,Whitfield,Code,Quota,Matched,Medicine-Primary,1334140M0,0,0,Psychiatry,2296400C0,6,6,Neurological,Surgery,1334160C0,2,2,Neurology,1334180C0,6,6,North,Mississippi,Med,Ctr,Obstetrics-Gynecology,1334220C0,9,9,Tupelo,Code,Quota,Matched,Orthopaedic,Surgery,1334260C0,8,8,Family,Medicine,1218120C0,8,7,Otolaryngology,1334280C0,4,4,Internal,Medicine,1218140C0,24,24,Pathology,1334300C0,3,3,Pathology/AP-NP,1334300C3,1,1,SW,Mississippi,Reg,Med,Ctr,Pediatrics,1334320C0,24,24,Mccomb,Code,Quota,Matched,Pediatrics/PSTP,1334320C2,2,2,Family,Medicine,2383120C0,6,0,Phys,Medicine,&,Rehab,1334340A0,1,1,Phys,Medicine,&,Rehab,1334340C0,4,4,University,Hosps-Jackson-MS,Plastic,Surgery,(Integrated),1334362C0,2,2,Jackson,Code,Quota,Matched,Psychiatry,1334400C0,8,8,Anesthesiology,1957040C0,10,10,Interventional,Radiology,(Integ),1334416C0,2,2,Anesthesiology,1957040R0,2,2,Radiology-Diagnostic,1334420A0,1,1,Dermatology,1957080A0,4,4,Radiology-Diagnostic,1334420C0,8,8,Emergency,Medicine,1957110C0,16,16,Radiology-Diagnostic,1334420R0,1,1,Family,Medicine,1957120C0,10,10,Radiation,Oncology,1334430A0,1,1,Internal,Medicine,1957140C0,25,25,General,Surgery,1334440C0,8,8,Medicine-Primary,1957140M0,1,1,General,Surgery/Rural,1334440C1,1,1,Medicine-Preliminary,1957140P0,8,8,Surgery-Preliminary,1334440P0,4,4,Med-Prelim/Ophthalmology,1957140P2,4,4,Surg-Prelim/Gen,Surg,&,Neurosurg,1334440P1,1,1,Med-Prelim/Radiation,Onc,1957140P5,1,0,Vascular,Surgery,1334451C0,1,1,Med-Prelim/Prevent,Med,1957140P6,2,2,Medicine-Pediatrics,1334700C0,10,10,Neurological,Surgery,1957160C0,1,1,Medicine-Dermatology,1334785C0,2,2,Neurology,1957180C0,4,4,MISSISSIPPI,Child,Neurology,1957185C0,2,2,Baptist,Mem,Hosp,DeSoto-MS,Obstetrics-Gynecology,1957220C0,6,6,Ob-Gyn/Preliminary,1957220P0,1,1,Southaven,Code,Quota,Matched,Orthopaedic,Surgery,1957260C0,5,5,Family,Medicine,2299120C0,6,6,Results,and,Data,2024,Main,Residency,Match®,115
NRMP,Program,Results,2024,Main,Residency,Match®,University,Hosps-Jackson-MS,(Continued),Family,Medicine/Lee,Summit,Ctr,2984120C2,6,2,Internal,Med/Overland,Park,2984140C0,12,6,Otolaryngology,1957280C0,3,3,Ob-Gyn/Overland,Park,2984220C0,5,5,Pathology,1957300C0,4,4,General,Surgery/Menorah,2984440C0,5,5,Pediatrics,1957320C0,16,16,KCU-GME,Consortium-MO,Plastic,Surgery,(Integrated),1957362C0,2,2,Psychiatry,1957400C0,5,5,Kansas,City,Code,Quota,Matched,Psychiatry/Child/Adult,Psych,1957400C1,1,1,Dermatology/Phoenix,1987080A0,2,2,Interventional,Radiology,(Integ),1957416C0,1,0,Dermatology/ADCS-Orlando,1987080A2,3,3,Radiology-Diagnostic,1957420C0,7,7,Dermatology/Phoenix,1987080R0,2,2,Radiation,Oncology,1957430A0,1,1,Emergency,Medicine/Freeman,1987110C0,6,5,General,Surgery,1957440C0,6,6,Family,Medicine/Reid,1987120C0,7,5,Surgery-Preliminary,1957440P0,5,1,Family,Med/St,Lukes,Des,Peres,1987120C1,4,4,Medicine-Pediatrics,1957700C0,5,5,Family,Medicine/Freeman,1987120C2,5,5,MISSOURI,Internal,Medicine/Freeman,1987140C0,5,5,Orthopaedic,Surgery/HCA,1987260C0,4,4,Barnes-Jewish,Hosp-MO,Otolaryngology/Freeman,1987280C0,2,2,St,Louis,Code,Quota,Matched,Psychiatry/Ozark,1987400C0,4,4,Anesthesiology/3,yr,1353040A0,1,1,General,Surgery/St,Anthony,1987440C0,2,2,Anesthesiology/4,yr,1353040C0,20,20,General,Surgery/St,Marys,1987440C1,2,2,Anesthesiology/ASAP,5,yr,1353040C1,1,1,Mercy,Hospital,St,Louis-MO,Dermatology,1353080A0,6,6,Dermatology/Physician,Scientist,1353080A1,0,0,St,Louis,Code,Quota,Matched,Emergency,Medicine,1353110C0,14,14,Family,Medicine,1362120C0,8,8,Internal,Medicine,1353140C0,46,46,Internal,Medicine,1362140C0,9,9,Internal,Medicine/PSTP,1353140C1,6,6,Obstetrics-Gynecology,1362220C0,6,6,Medicine-Primary,1353140M0,4,4,Transitional,1362999P0,7,7,Medicine-Preliminary,1353140P0,5,5,SSM,Health/St,Louis,Univ,SOM-MO,Med-Prelim/Ophthalmology,1353140P2,5,5,Neurological,Surgery,1353160C0,3,3,St,Louis,Code,Quota,Matched,Neurology,1353180C0,11,11,Anesthesiology,1365040C0,10,10,Obstetrics-Gynecology,1353220C0,9,9,Dermatology,1365080A0,4,4,Orthopaedic,Surgery,1353260C0,8,8,Dermatology/KAT,1365080A1,1,1,Otolaryngology,1353280C0,3,3,Emergency,Medicine,1365110C0,6,6,Otolaryngology/Research,1353280C1,2,2,Family,Med/Belleville,1365120C0,6,6,Pathology/CP,1353300C0,3,1,Family,Medicine,1365120C1,6,6,PathologyAP/CP,&,AP,only,1353300C1,7,7,Internal,Medicine,1365140C0,27,27,Pathology/AP,&,NP,1353300C2,1,1,Internal,Medicine/Med-Geri,Trk,1365140C1,0,0,Phys,Medicine,&,Rehab,1353340A0,3,3,Medicine-Preliminary,1365140P0,6,6,Phys,Medicine,&,Rehab,1353340C0,2,2,Neurological,Surgery,1365160C0,1,1,Plastic,Surgery,(Integrated),1353362C0,4,4,Neurology,1365180C0,6,6,Psychiatry,1353400C0,15,15,Child,Neurology,1365185C0,2,2,Interventional,Radiology,(Integ),1353416A0,2,2,Obstetrics-Gynecology,1365220C0,6,6,Radiology-Diagnostic,1353420A0,16,16,Orthopaedic,Surgery,1365260C0,5,5,Rad-Diag/Research,1353420A1,1,1,Otolaryngology,1365280C0,2,2,Radiation,Oncology,1353430A0,4,4,Pediatrics,1365320C0,20,17,General,Surgery,1353440C0,9,9,Plastic,Surgery,(Integrated),1365362C0,2,2,Surgery-Preliminary,1353440P2,6,6,Psychiatry,1365400C0,10,10,Surg-Prelim/Int,Radiology,1353440P3,1,1,Interventional,Radiology,(Integ),1365416A0,2,2,Vascular,Surgery,1353451C0,1,1,Interventional,Radiology,(Integ),1365416R0,1,1,Radiology-Diagnostic,1365420A0,6,6,Childrens,Mercy,Hospital-MO,General,Surgery,1365440C0,5,5,Kansas,City,Code,Quota,Matched,Surgery-Preliminary,1365440P0,5,0,Child,Neurology,1494185C0,3,1,Vascular,Surgery,1365451C0,1,1,Pediatrics,1494320C0,27,27,SSM,St,Marys,Hospital-St,Louis-MO,Pediatrics-Preliminary,1494320P0,1,1,St,Louis,Code,Quota,Matched,CoxHealth-MO,Internal,Medicine,1999140C0,9,9,Springfield,Code,Quota,Matched,St,Louis,Childrens,Hosp-MO,Family,Medicine,3167120C0,8,8,Family,Med/Jordan,Valley,3167120C1,2,2,St,Louis,Code,Quota,Matched,Child,Neurology,1869185C0,5,5,HCA,Healthcare,Kansas,City-MO,Pediatrics,1869320C0,31,19,Kansas,City,Code,Quota,Matched,Pediatrics/Research,1869320C1,0,0,Family,Med/Research,Med,Ctr,2984120C0,8,4,Pediatrics-Preliminary,1869320P0,1,1,Results,and,Data,2024,Main,Residency,Match®,116
NRMP,Program,Results,2024,Main,Residency,Match®,St,Louis,Childrens,Hosp-MO,(Continued),MONTANA,Pediatrics-Medical,Genetics,1869765C0,2,2,Billings,Clinic-MT,St,Lukes,Hospital-St,Louis-MO,Billings,Code,Quota,Matched,Chesterfield,Code,Quota,Matched,Internal,Medicine,1633140C0,8,8,Medicine-Preliminary,1633140P0,4,4,Internal,Medicine,1364140C0,13,13,Psychiatry,1633400C0,3,3,Medicine-Preliminary,1364140P0,3,3,Montana,Family,Medicine,Still,OPTI-Northeast,Reg,Med,Ctr-MO,Kirksville,Code,Quota,Matched,Billings,Code,Quota,Matched,Family,Medicine,1216120C0,9,9,Dermatology/Osteopathic,2152080A0,2,2,Family,Medicine,2152120C0,4,0,University,of,Montana,Internal,Medicine,2152140C0,4,0,Missoula,Code,Quota,Matched,Osteo,Neuromusculo,Med,2152275C0,3,0,Family,Medicine/Missoula,1524120C0,7,7,Univ,of,Missouri-KC,Programs,Family,Medicine/Kalispell,1524120C1,3,3,Kansas,City,Code,Quota,Matched,NEBRASKA,Anesthesiology/St,Lukes,1343040C0,8,8,Clarkson,Family,Med,Res-NE,Emergency,Medicine,1343110C0,11,11,Family,Medicine,1343120C0,12,12,Omaha,Code,Quota,Matched,Internal,Medicine,1343140C0,21,21,Family,Medicine,3197120C0,5,5,Medicine-Preliminary,1343140P0,3,3,Creighton,University-NE,Neurology,1343180C0,3,3,Obstetrics-Gynecology,1343220C0,8,8,Omaha,Code,Quota,Matched,Orthopaedic,Surgery,1343260C0,4,4,Family,Medicine,1372120C0,8,8,Pathology,1343300C0,2,2,Family,Medicine/Rural,1372120C1,1,1,Radiology-Diagnostic,1343420A0,6,6,Internal,Medicine,1372140C0,21,21,General,Surgery,1343440C0,5,5,Internal,Medicine/Rural,1372140C1,4,4,Surgery-Preliminary,1343440P0,4,4,Medicine-Primary,1372140M0,1,1,Medicine-Pediatrics,1343700C0,6,6,Neurology,1372180C0,2,2,Univ,of,Missouri-KC/CBM,Obstetrics-Gynecology,1372220C0,4,4,Pathology,1372300C0,2,2,Kansas,City,Code,Quota,Matched,Psychiatry,1372400C0,6,6,Psychiatry,2075400C0,6,6,Psychiatry/Rural,1372400C1,2,2,University,Hosps-Columbia-MO,Radiology-Diagnostic,1372420A0,3,3,General,Surgery,1372440C0,5,5,Columbia,Code,Quota,Matched,Surgery-Preliminary,1372440P0,2,1,Anesthesiology,1994040C0,4,4,Lincoln,Med,Ed,Partnership-NE,Anesthesiology,1994040R0,1,1,Dermatology,1994080A0,4,4,Lincoln,Code,Quota,Matched,Emergency,Medicine,1994110C0,10,10,Family,Medicine,3021120C0,8,8,Family,Medicine,1994120C0,16,16,University,of,Nebraska,Med,Ctr,Family,Medicine/CRMC,1994120C1,4,3,Family,Med/Bothwell,Rural,1994120C2,2,1,Omaha,Code,Quota,Matched,Internal,Medicine,1994140C0,21,21,Anesthesiology,1376040A0,2,2,Medicine-Preliminary,1994140P0,8,8,Anesthesiology,1376040C0,10,10,Neurological,Surgery,1994160C0,1,1,Dermatology,1376080A0,4,4,Neurology,1994180C0,6,6,Dermatology,1376080R0,1,1,Obstetrics-Gynecology,1994220C0,4,4,Emergency,Medicine,1376110C0,12,12,Orthopaedic,Surgery/5,Yr,1994260C0,5,5,Fam,Med/Grand,Island,1376120C1,2,2,Otolaryngology,1994280C0,3,3,Fam,Med/North,Platte,1376120C3,1,1,Pathology,1994300C0,3,3,Fam,Med/Scottsbluff,1376120C4,2,2,Pediatrics,1994320C0,8,8,Fam,Med/Traditional,1376120C5,6,6,Phys,Medicine,&,Rehab,1994340A0,4,4,Family,Med/Kearney,1376120C6,2,2,Plastic,Surgery,(Integrated),1994362C0,2,2,Family,Med/Urban,1376120C7,2,2,Psychiatry,1994400C0,11,11,Internal,Medicine,1376140C0,24,24,Interventional,Radiology,(Integ),1994416A0,1,1,Internal,Medicine/Geriatrics,1376140C1,1,1,Radiology-Diagnostic,1994420A0,5,5,Medicine-Primary,1376140M0,1,1,General,Surgery,1994440C0,4,4,Medicine-Preliminary,1376140P0,6,6,Surgery-Preliminary,1994440P0,7,2,Neurological,Surgery,1376160C0,2,2,Medicine-Pediatrics,1994700C0,4,4,Neurology,1376180C0,7,7,Obstetrics-Gynecology,1376220C0,5,5,Orthopaedic,Surgery,1376260C0,6,6,Otolaryngology,1376280C0,3,3,Pathology,1376300C0,4,4,Results,and,Data,2024,Main,Residency,Match®,117
NRMP,Program,Results,2024,Main,Residency,Match®,University,of,Nebraska,Med,Ctr,(Continued),General,Surgery,2201440C0,4,4,Surgery-Preliminary,2201440P0,8,1,Pediatrics,1376320C0,15,15,Transitional,2201999P0,13,7,Phys,Medicine,&,Rehab,1376340C0,4,4,Valley,Hosp,Med,Ctr-NV,Plastic,Surgery,(Integrated),1376362C0,1,1,Psychiatry,1376400C0,5,5,Las,Vegas,Code,Quota,Matched,Interventional,Radiology,(Integ),1376416A0,1,1,Family,Medicine,2223120C0,5,3,Radiology-Diagnostic,1376420A0,6,6,Internal,Medicine,2223140C0,16,10,Radiation,Oncology,1376430A0,1,1,Neurology,2223180C0,2,2,General,Surgery,1376440C0,6,6,Orthopaedic,Surgery,2223260C0,2,2,Medicine-Pediatrics,1376700C0,4,4,NEW,HAMPSHIRE,NEVADA,Cheshire,Med,Ctr/Dartmouth,Health-NH,Dignity,St,Rose,Dominican,Hosps-NV,Keene,Code,Quota,Matched,Henderson,Code,Quota,Matched,Family,Medicine,2379120C0,6,5,Internal,Medicine,2337140C0,8,8,Concord,Hospital-NH,Medicine-Primary,2337140M0,4,4,Kirk,Kerkorian,SOM,at,UNLV-NV,Concord,Code,Quota,Matched,Family,Medicine,1091120C0,8,8,Las,Vegas,Code,Quota,Matched,Dartmouth-Hitchcock,Med,Ctr-NH,Emergency,Medicine,2028110C0,6,6,Family,Medicine,2028120C0,5,5,Lebanon,Code,Quota,Matched,Family,Medicine/Rural,2028120C1,2,0,Anesthesiology,1377040C0,7,7,Internal,Medicine,2028140C0,23,23,Anesthesiology,1377040R0,1,1,IMedicine-Primary,2028140M0,1,1,Dermatology,1377080A0,3,3,Medicine-Preliminary,2028140P0,4,4,Emergency,Medicine,1377110C0,6,6,Obstetrics-Gynecology,2028220C0,4,4,Internal,Medicine,1377140C0,17,17,Orthopaedic,Surgery,2028260C0,4,4,Medicine-Primary,1377140M0,4,4,Otolaryngology,2028280C0,1,1,Medicine-Preliminary,1377140P0,4,4,Pediatrics,2028320C0,10,8,Neurological,Surgery,1377160C0,1,1,Plastic,Surgery,(Integrated),2028362C0,1,1,Neurology,1377180C0,5,5,Psychiatry,2028400C0,10,10,Obstetrics-Gynecology,1377220C0,4,4,General,Surgery,2028440C0,3,3,Orthopaedic,Surgery,1377260C0,4,4,Surgery-Preliminary,2028440P0,1,1,Otolaryngology,1377280C0,1,1,Sunrise,Health,GME,Consortium-NV,Pathology,1377300C0,3,3,Pediatrics,1377320C0,7,3,Las,Vegas,Code,Quota,Matched,Plastic,Surgery,(Integrated),1377362C0,1,1,Anesthesiology,1884040C0,8,8,Psychiatry,1377400C0,8,8,Emergency,Medicine,1884110C0,9,9,Psychiatry/Reseach,Track,1377400C1,0,0,Family,Medicine,1884120C0,8,8,Psychiatry/Child,Track,1377400C2,1,1,Internal,Medicine,1884140C0,21,21,Interventional,Radiology,(Integ),1377416A0,2,2,Neurology,1884180C0,3,3,Radiology-Diagnostic,1377420A0,3,3,Obstetrics-Gynecology,1884220C0,4,4,Radiology-Diagnostic,1377420R0,1,1,Phys,Medicine,&,Rehab,1884340A0,6,6,Radiation,Oncology,1377430A0,1,0,Psychiatry,1884400C0,4,4,General,Surgery,1377440C0,4,4,Radiology-Diagnostic,1884420A0,5,5,Surgery-Preliminary,1377440P0,6,6,General,Surgery,1884440C0,4,4,Vascular,Surgery,1377451C0,1,1,Surgery-Preliminary,1884440P0,4,1,Portsmouth,Regional,Hosp-NH,Transitional/Mountain,View,1884999P0,13,7,Transitional/Southern,Hills,1884999P1,13,13,Portsmouth,Code,Quota,Matched,U,Nevada,Reno,SOM,Family,Medicine,2248120C0,8,6,Internal,Medicine,2248140C0,10,10,Reno,Code,Quota,Matched,Psychiatry,2248400C0,6,6,Family,Medicine,2017120C0,8,8,NEW,JERSEY,Internal,Medicine,2017140C0,23,9,Medicine-Preliminary,2017140P0,5,2,AtlantiCare,Reg,Med,Ctr-NJ,Pediatrics,2017320C0,4,1,Atlantic,City,Code,Quota,Matched,Psychiatry,2017400C0,8,8,Family,Medicine,1378120C0,4,3,Valley,Health,System-NV,Internal,Medicine,1378140C0,14,14,Las,Vegas,Code,Quota,Matched,Psychiatry,1378400C0,5,5,Emergency,Medicine,2201110C0,8,8,Atlantic,Health,System-NJ,Family,Medicine,2201120C0,10,10,Morristown,Code,Quota,Matched,Internal,Medicine,2201140C0,20,7,Orthopaedic,Surgery,3033260C0,4,4,Psychiatry,2201400C0,8,8,Pediatrics,3033320C0,12,10,Results,and,Data,2024,Main,Residency,Match®,118
NRMP,Program,Results,2024,Main,Residency,Match®,CMSRU/Cooper,University,Hospital-NJ,Obstetrics-Gynecology,1387220C0,2,2,Obstetrics-Gynecology/Phase,3-R,1387220C1,2,2,Camden,Code,Quota,Matched,Orthopaedic,Surgery,1387260C0,3,3,Anesthesiology,1380040C0,7,7,Pediatrics,1387320C0,7,5,Dermatology,1380080A0,1,1,Pediatrics/Phase,3-R,1387320C1,1,1,Emergency,Medicine,1380110C0,13,13,General,Surgery,1387440C0,3,3,Family,Medicine,1380120C0,10,10,General,Surgery/Phase,3-R,1387440C1,2,2,Internal,Medicine,1380140C0,22,22,Surgery-Preliminary,1387440P0,1,1,Medicine-Primary,1380140M0,3,3,Hunterdon,Med,Ctr-NJ,Med-Primary/3-yr,MD,Path,1380140M1,2,2,Medicine-Preliminary,1380140P0,1,1,Flemington,Code,Quota,Matched,Neurological,Surgery,1380160C0,1,1,Family,Medicine,1838120C0,6,6,Neurology,1380180C0,6,6,ISMMS,Valley,Health,System-NJ,Obstetrics-Gynecology,1380220C0,5,5,Orthopaedic,Surgery,1380260C0,3,3,Ridgewood,Code,Quota,Matched,Otolaryngology,1380280C0,1,1,Internal,Medicine,2389140C0,12,12,Pathology-Anatomic,and,Clinical,1380300C0,2,2,Obstetrics-Gynecology,2389220C0,3,3,Pediatrics,1380320C0,8,8,Inspira,Health,Network-NJ,Pediatrics-Primary,1380320M0,1,1,Peds-Primary/3-yr,MD,Path,1380320M1,1,1,Vineland,Code,Quota,Matched,Plastic,Surgery,(Integrated),1380362C0,2,2,Emergency,Med/Vineland,2086110C0,11,11,Psych/Cooper,Hosp,1380400C0,4,4,Emergency,Med/Mullica,Hill,2086110C1,8,4,Radiology-Diagnostic,1380420A0,5,5,Family,Medicine/Mullica,Hill,2086120C0,6,2,General,Surgery,1380440C0,5,5,Family,Medicine/Vineland,2086120C2,8,5,Vascular,Surgery,1380451C0,2,2,Internal,Medicine/Vineland,2086140C0,10,9,Capital,Health,Reg,Med,Ctr-NJ,Internal,Med/Mullica,Hill,2086140C1,14,14,Med-Primary/Vineland,2086140M0,2,2,Trenton,Code,Quota,Matched,Obstetrics-Gynecology,2086220C0,3,3,Emergency,Medicine,2003110C0,6,6,Orthopaedic,Surgery,2086260C0,3,3,Family,Medicine,2003120C0,6,3,Phys,Med,&,Rehab/Mullica,Hill,2086340C0,4,4,Internal,Medicine,2003140C0,20,20,Psychiatry,2086400C0,5,5,Transitional,2003999P0,13,13,General,Surgery,2086440C0,4,4,CarePoint,Health-NJ,Transitional/Vineland,2086999P0,10,1,Transitional/Mullica,Hill,2086999P1,12,12,Hoboken,Code,Quota,Matched,JFK,Med,Ctr-NJ,Family,Medicine/NYMC,1451120C0,8,4,Family,Medicine/Christ,1451120C1,6,0,Edison,Code,Quota,Matched,Internal,Medicine/Bayonne,1451140C0,12,12,Family,Medicine,3043120C0,6,6,General,Surgery,1451440C0,4,4,Family,Medicine,-,Phase-3-R,3043120C1,2,2,Transitional/Bayonne,1451999P0,4,3,Neurology,3043180C0,9,9,Englewood,Hosp-NJ,Phys,Medicine,&,Rehab/RWJ,3043340A0,5,5,Jefferson,Health,New,Jersey,Englewood,Code,Quota,Matched,Internal,Medicine,1386140C0,12,12,Stratford,Code,Quota,Matched,Internal,Medicine/Phase,3-R,1386140C1,1,1,Emergency,Medicine,2120110C0,13,13,Medicine-Preliminary,1386140P0,3,3,Internal,Medicine,2120140C0,18,18,HMH-Palisades,Med,Ctr-NJ,Obstetrics-Gynecology,2120220C0,2,2,Orthopaedic,Surgery,2120260C0,5,5,North,Bergen,Code,Quota,Matched,Jersey,Shore,Univ,Med,Ctr-NJ,Dermatology,2136080A0,3,2,Family,Medicine,2136120C0,4,4,Neptune,Code,Quota,Matched,Internal,Medicine,2136140C0,9,9,Anesthesiology,1395040C0,5,5,General,Surgery,2136440C0,3,3,Anesthesiology/Phase,3-R,1395040C1,1,1,General,Surgery/Phase,3-R,2136440C1,1,1,Internal,Medicine,1395140C0,18,18,Surgery-Preliminary,2136440P0,2,2,Internal,Medicine/Phase,3-R,1395140C1,2,2,Transitional,2136999P0,18,15,Medicine-Preliminary,1395140P0,3,3,Hackensack,U,Med,Ctr-NJ,Child,Neurology,1395185C0,1,1,Child,Neurology/Phase,3-R,1395185C1,1,1,Hackensack,Code,Quota,Matched,Obstetrics-Gynecology,1395220C0,4,4,Anesthesiology,1387040C0,2,2,Obstetrics-Gynecology/Phase,3-R,1395220C1,1,1,Anesthesiology/Phase,3-R,1387040C1,2,2,Pediatrics,1395320C0,9,4,Emergency,Medicine,1387110C0,9,9,Pediatrics/Phase,3-R,1395320C1,1,1,Emergency,Med/Phase,3-R,1387110C1,3,3,Psychiatry,1395400C0,5,5,Internal,Medicine,1387140C0,7,7,Psychiatry/HUMC,1395400C4,2,2,Internal,Medicine/Phase,3-R,1387140C1,4,4,Psychiatry/Phase,3-R,1395400C7,1,1,Results,and,Data,2024,Main,Residency,Match®,119
NRMP,Program,Results,2024,Main,Residency,Match®,Jersey,Shore,Univ,Med,Ctr-NJ,(Continued),Rutgers-Jersey,City,Med,Ctr-NJ,General,Surgery,1395440C0,3,3,Jersey,City,Code,Quota,Matched,Surgery-Preliminary,1395440P0,1,1,Internal,Medicine,1390140C0,20,20,Morristown,Med,Ctr-NJ,Obstetrics-Gynecology,1390220C0,3,3,Orthopaedic,Surgery,1390260C0,3,3,Morristown,Code,Quota,Matched,Rutgers-Monmouth,Med,Ctr-NJ,Emergency,Medicine,1394110C0,10,10,Family,Medicine,1394120C0,7,7,Long,Branch,Code,Quota,Matched,Internal,Medicine,1394140C0,17,17,Internal,Medicine,1392140C0,13,13,Medicine-Preliminary,1394140P0,9,9,Obstetrics-Gynecology,1392220C0,4,4,Obstetrics-Gynecology,1394220C0,5,5,Orthopaedic,Surgery,1392260C0,2,2,Radiology-Diagnostic,1394420A0,5,5,Pediatrics,1392320C0,5,5,General,Surgery,1394440C0,7,7,Rutgers-New,Jersey,Medical,School,Surgery-Preliminary,1394440P0,8,6,Mountainside,Hosp-NJ,Newark,Code,Quota,Matched,Anesthesiology,1398040A0,5,5,Montclair,Code,Quota,Matched,Anesthesiology,1398040C0,8,8,Family,Medicine,1393120C0,7,7,Emergency,Medicine,1398110C0,11,10,Internal,Medicine,1393140C0,7,7,Internal,Medicine,1398140C0,35,35,Internal,Medicine,-,Phase,3-R,1393140C1,1,1,Internal,Medicine/4,yr,IM-PM,1398140C3,2,2,Medicine-Preliminary,1393140P0,2,2,Medicine-Preliminary,1398140P0,5,5,NYMC-St,Marys,and,St,Clares-NY,Med-Prelim/Anesthesiology,1398140P3,0,0,Neurological,Surgery,1398160C0,3,3,Denville,Code,Quota,Matched,Neurology,1398180C0,5,5,Internal,Medicine,2375140C0,35,35,Child,Neurology,1398185C0,1,1,Medicine-Preliminary,2375140P0,6,3,Orthopaedic,Surgery,1398260C0,6,6,Psychiatry,2375400C0,10,10,Otolaryngology,1398280C0,3,3,NYMC-St,Michaels,Med,Ctr-NJ,Phys,Medicine,&,Rehab,1398340A0,8,8,Plastic,Surgery,(Integrated),1398362C0,3,3,Newark,Code,Quota,Matched,Psychiatry,1398400C0,8,8,Internal,Medicine,1857140C0,19,19,Radiology-Diagnostic,1398420A0,11,11,New,Bridge,Med,Ctr-NJ,General,Surgery,1398440C0,10,10,Surgery-Preliminary,1398440P0,15,4,Paramus,Code,Quota,Matched,Surg-Prelim/Anesthesiology,1398440P4,0,0,Psychiatry,1908400C0,9,9,Vascular,Surgery,1398451C0,1,1,Ocean,Med,Ctr-NJ,Medicine-Pediatrics,1398700C0,5,5,Brick,Code,Quota,Matched,Rutgers-Newark,Beth,Israel,Med,Ctr-NJ,Family,Medicine/Osteopathic,2108120C0,8,8,Newark,Code,Quota,Matched,Internal,Medicine,2108140C0,15,15,Emergency,Medicine,1397110C0,8,8,Psychiatry,2108400C0,9,9,Internal,Medicine,1397140C0,12,12,Psychiatry/Phase,3-R,2108400C4,1,1,Med-Prelim/Neurology,1397140P1,4,1,Transitional,2108999P0,12,12,Obstetrics-Gynecology,1397220C0,4,4,Overlook,Hospital-NJ,Pediatrics,1397320C0,12,9,Summit,Code,Quota,Matched,Rutgers-R,W,Johnson,Medical,School-NJ,Family,Medicine,1408120C0,7,7,New,Brunswick,Code,Quota,Matched,Internal,Medicine,1408140C0,13,13,Anesthesiology,2918040C0,12,12,Medicine-Preliminary,1408140P0,4,4,Dermatology,2918080A0,2,2,Rutgers-Community,Med,Ctr-NJ,Emergency,Medicine,2918110C0,9,9,Family,Medicine/A-Prog,2918120C0,4,4,Tom'S,River,Code,Quota,Matched,Family,Med/CentraState,2918120C2,6,3,Emergency,Medicine,2298110C0,11,11,Family,Medicine/3-yr,MD,Path,2918120C3,1,1,Internal,Medicine,2298140C0,12,12,Internal,Medicine,2918140C0,25,25,General,Surgery,2298440C0,4,4,Neurology,2918180A0,5,2,Surgery-Preliminary,2298440P0,2,0,Obstetrics-Gynecology,2918220C0,5,5,Transitional,2298999P0,12,12,Orthopaedic,Surgery,2918260C0,3,3,Transitional/Rad,Onc,2298999P1,1,1,Pathology,2918300C0,3,3,Transitional/PM&R,2298999P2,1,1,Pediatrics,2918320C0,11,11,Transitional/Radiology,2298999P3,2,2,Psychiatry,2918400C0,8,8,Trans/Intervent,Rad,2298999P4,0,0,Interventional,Radiology,(Integ),2918416A0,1,1,Rutgers-Cooperman,Barnabas,Med,Ctr-NJ,Radiology-Diagnostic,2918420A0,7,7,Radiation,Oncology,2918430A0,1,1,Livingston,Code,Quota,Matched,General,Surgery,2918440C0,8,8,Obstetrics-Gynecology,1396220C0,10,10,Results,and,Data,2024,Main,Residency,Match®,120
NRMP,Program,Results,2024,Main,Residency,Match®,Rutgers-R,W,Johnson,Medical,School-NJ,(Continued),Emergency,Medicine,1962110C0,12,12,Family,Medicine,1962120C0,14,8,Surgery-Preliminary,2918440P0,11,11,Family,Medicine/Shiprock,1962120C1,2,2,Vascular,Surgery,2918451C0,1,1,Family,Medicine/Santa,Fe,1962120C2,6,6,Rutgers-RWJUH,Somerset-NJ,Internal,Medicine,1962140C0,30,30,Medicine-Preliminary,1962140P0,5,5,Somerville,Code,Quota,Matched,Neurological,Surgery,1962160C1,1,1,Family,Medicine,1934120C0,7,6,Neurology,1962180C0,7,7,Family,Medicine/3-yr,MD,Path,1934120C1,0,0,Neurology,1962180R0,1,1,Rutgers-Trinitas,Med,Ctr-NJ,Child,Neurology,1962185C0,2,2,Obstetrics-Gynecology,1962220C0,6,6,Elizabeth,Code,Quota,Matched,Orthopaedic,Surgery,1962260C0,5,5,Internal,Medicine,2391140C0,10,10,Otolaryngology,1962280C0,3,3,Psychiatry,2391400C0,6,6,Pathology,1962300C0,4,4,St,Josephs,Univ,Med,Ctr-NJ,Pediatrics,1962320C0,21,16,Phys,Medicine,&,Rehab,1962340C0,6,6,Paterson,Code,Quota,Matched,Plastic,Surgery,(Integrated),1962362C0,2,2,Anesthesiology,1406040A0,7,7,Psychiatry,1962400C0,13,13,Anesthesiology,1406040R0,1,1,Psychiatry/Child,1962400C1,3,3,Emergency,Medicine,1406110C0,8,8,Radiology-Diagnostic,1962420A0,8,8,Family,Medicine,1406120C0,4,4,Radiology-Diagnostic,1962420R0,1,1,Internal,Medicine,1406140C1,19,19,General,Surgery,1962440C0,7,7,Obstetrics-Gynecology,1406220C0,3,3,Surgery-Preliminary,1962440P1,5,1,Orthopaedic,Surgery,1406260C0,3,3,NEW,YORK,Pediatrics,1406320C0,12,12,General,Surgery,1406440C0,3,3,Albany,Med,Ctr-NY,Surg-Prelim/Anesthesiology,1406440P0,2,1,Albany,Code,Quota,Matched,Surgery-Preliminary,1406440P1,1,0,Anesthesiology,1414040C0,8,8,St,Lukes,Warren,Hospital-NJ,Anesthesiology,-,2,"""R""",positions,1414040R0,2,2,Phillipsburg,Code,Quota,Matched,Emergency,Medicine,1414110C0,12,10,Family,Medicine,1414120C0,6,6,Family,Medicine,2091120C0,6,6,Family,Medicine/Saratoga,1414120C1,6,6,St,Peters,University,Hosp-NJ,Internal,Medicine,1414140C0,18,18,New,Brunswick,Code,Quota,Matched,Medicine-Preliminary,1414140P0,3,3,Neurological,Surgery,1414160C0,2,2,Internal,Medicine,3211140C0,16,16,Neurology,1414180C0,6,6,Obstetrics-Gynecology,3211220C0,5,5,Obstetrics-Gynecology,1414220C0,6,6,Pediatrics,3211320C0,8,8,Orthopaedic,Surgery,1414260C0,5,5,Virtua-NJ,Otolaryngology,1414280C0,2,2,Voorhees,Code,Quota,Matched,Pathology,1414300C0,4,4,Pediatrics,1414320C0,12,8,Family,Medicine/Vorhees,3084120C0,6,1,Phys,Medicine,&,Rehab,1414340C0,2,2,Family,Medicine/Rowan-Virtua,SOM3084120C1,6,2,Plastic,Surgery,(Integrated),1414362C0,2,2,Internal,Medicine,3084140C0,18,6,Psychiatry,1414400C0,6,6,Obstetrics-Gynecology,3084220C0,6,6,Interventional,Radiology,(Integ),1414416C0,1,1,Psychiatry/Rowan-Virtua,SOM/,3084400C0,6,6,Radiology-Diagnostic,1414420A0,5,5,General,Surgery,3084440C0,5,5,General,Surgery,1414440C0,6,6,NEW,MEXICO,Surgery-Preliminary,1414440P0,4,0,Memorial,Med,Ctr-NM,Vascular,Surgery,1414451C0,1,1,Medicine-Pediatrics,1414700C0,4,4,Las,Cruces,Code,Quota,Matched,Arnot,Ogden,Med,Ctr-NY,Family,Medicine,1214120C0,10,10,Family,Medicine/Rural,1214120C1,3,3,Elmira,Code,Quota,Matched,NM,Primary,Care,Train,Consort,Emergency,Medicine,2113110C0,6,2,Family,Medicine,2113120C0,8,6,Silver,City,Code,Quota,Matched,Internal,Medicine,2113140C0,10,10,Family,Medicine,2381120C0,4,4,Psychiatry,2113400C0,6,6,U,New,Mexico,SOM,Radiology-Diagnostic,2113420C0,2,2,Transitional,2113999P0,6,6,Albuquerque,Code,Quota,Matched,Bassett,Med,Ctr-NY,Anesthesiology,1962040A0,1,1,Anesthesiology,1962040C0,6,6,Cooperstown,Code,Quota,Matched,Anesthesiology,1962040R0,1,1,Internal,Medicine,1442140C0,12,12,Dermatology,1962080A0,4,4,Medicine-Preliminary,1442140P0,1,1,Dermatology,1962080R0,1,1,General,Surgery,1442440C0,4,4,Results,and,Data,2024,Main,Residency,Match®,121
NRMP,Program,Results,2024,Main,Residency,Match®,Bassett,Med,Ctr-NY,(Continued),Good,Samaritan,Hosp,Med,Ctr-NY,Surgery-Preliminary,1442440P0,2,0,West,Islip,Code,Quota,Matched,Transitional,1442999P0,8,8,Emergency,Medicine,2007110C0,10,10,Transitional/Hopkins,1442999P1,1,1,Emergency,Medicine/St,Joseph,2007110C1,6,4,BronxCare,Health,System-NY,Family,Medicine,2007120C0,6,6,Family,Medicine/St,Joseph,2007120C1,8,8,Bronx,Code,Quota,Matched,Obstetrics-Gynecology,2007220C0,4,4,Pediatrics-Primary,1471320M1,15,15,Pediatrics,2007320C0,5,4,General,Surgery,1471440C0,3,3,Phys,Medicine,&,Rehab,2007340A0,3,3,Surgery-Preliminary,1471440P0,6,6,General,Surgery/St,Catherine,2007440C0,3,3,Brooklyn,Hosp,Ctr-NY,Harlem,Hospital,Ctr-NY,Brooklyn,Code,Quota,Matched,New,York,Code,Quota,Matched,Emergency,Medicine,1420110C0,8,8,Internal,Medicine,1478140C0,26,26,Family,Medicine,1420120C0,7,7,Pediatrics,1478320C0,9,9,Internal,Medicine,1420140C0,29,29,Psychiatry,1478400C0,8,8,Obstetrics-Gynecology,1420220C0,4,4,Radiology-Diagnostic,1478420A0,2,2,Pediatrics,1420320C0,11,9,General,Surgery,1478440C0,3,3,General,Surgery,1420440C0,3,3,Surgery-Preliminary,1478440P0,7,2,Surgery-Preliminary,1420440P0,6,6,Hosp,For,Special,Surgery-NY,Burke,Rehabilitation,Hosp-NY,New,York,Code,Quota,Matched,White,Plains,Code,Quota,Matched,Orthopaedic,Surgery,3128260C0,9,9,Phys,Medicine,&,Rehab,1940340A0,8,8,ISMMS,Mount,Sinai,Beth,Israel-NY,Phys,Medicine,&,Rehab,1940340R0,2,2,Cayuga,Med,Ctr-NY,New,York,Code,Quota,Matched,Psychiatry,1470400C0,13,13,Ithaca,Code,Quota,Matched,ISMMS,Mount,Sinai,Hospital-NY,Medicine-Primary,2207140M0,10,10,Community,Healthcare,Network-NY,New,York,Code,Quota,Matched,Anesthesiology,1490040C0,30,30,New,York,Code,Quota,Matched,Anesthesiology,1490040R0,4,4,Family,Medicine,2399120C0,6,6,Dermatology,1490080A0,8,8,Creedmoor,Psych,Ctr-NY,Dermatology/Research,1490080A1,1,1,Emergency,Medicine,1490110C0,20,20,Queens,Village,Code,Quota,Matched,Family,Medicine,1490120C0,5,5,Psychiatry,2599400C0,4,4,Internal,Medicine,1490140C0,44,44,Ellis,Hospital-NY,Internal,Med/Research,1490140C1,4,4,Internal,Med/Comm,Prim,Care,1490140C2,8,8,Schenectady,Code,Quota,Matched,Neurological,Surgery,1490160C0,2,2,Family,Medicine,1513120C0,10,6,Neurology,1490180C0,10,10,Family,Health,Ctrs,at,NYU,Langone-NY,Child,Neurology,1490185C0,1,1,Obstetrics-Gynecology,1490220C0,9,9,Brooklyn,Code,Quota,Matched,Orthopaedic,Surgery,1490260C0,7,7,Medicine-Primary,1663140M0,12,12,Otolaryngology,1490280C0,6,6,Psychiatry,1663400C0,3,3,Pathology,1490300C0,4,4,Flushing,Hospital,Med,Ctr-NY,Pathology-AP/NP,1490300C1,1,1,Pathology/Physician,Scientist,1490300C2,1,1,Flushing,Code,Quota,Matched,Pediatrics,1490320C0,15,15,Internal,Medicine,1445140C0,17,17,Pediatrics/Research,1490320C1,2,2,Medicine-Preliminary,1445140P0,9,5,Pediatrics-Preliminary,1490320P1,1,1,Obstetrics-Gynecology,1445220C0,3,3,Phys,Medicine,&,Rehab,1490340C0,10,10,Ob-Gyn/Preliminary,1445220P0,1,1,Phys,Medicine,&,Rehab,1490340R0,2,2,Pediatrics,1445320C0,10,5,Plastic,Surgery,(Integrated),1490362C0,4,4,General,Surgery,1445440C0,3,3,Psychiatry,1490400C0,13,13,Garnet,Health,Med,Ctr-NY,Psychiatry/Physician-Scientist,1490400C2,2,2,Interventional,Radiology,(Integ),1490416A0,3,3,Middletown,Code,Quota,Matched,Radiology-Diagnostic,1490420A0,8,8,Emergency,Medicine,2230110C0,6,6,Radiation,Oncology,1490430A0,2,2,Family,Medicine,2230120C0,4,3,General,Surgery,1490440C0,10,10,Internal,Medicine,2230140C0,9,6,General,Surgery/Scientist,1490440C1,2,2,Neurology,2230180C0,3,3,Surgery-Preliminary,1490440P0,11,9,Psychiatry,2230400C0,8,8,Surg-Prelim/Designated,1490440P1,12,8,General,Surgery,2230440C0,3,3,Vascular,Surgery,1490451C0,4,4,Transitional,2230999P0,9,9,Results,and,Data,2024,Main,Residency,Match®,122
NRMP,Program,Results,2024,Main,Residency,Match®,ISMMS,Mount,Sinai,Hospital-NY,(Continued),Lincoln,Med,Ctr-NY,Thoracic,Surgery,1490461C0,2,2,Bronx,Code,Quota,Matched,Medicine-Pediatrics,1490700C1,4,4,Emergency,Medicine,1484110C0,11,11,Peds/Psych/Child,Psych,1490730C0,2,2,Internal,Medicine,1484140C0,31,31,Pediatrics-Medical,Genetics,1490765C0,2,2,Medicine-Preliminary,1484140P0,14,14,Medicine-Medical,Genetics,1490766C0,0,0,Obstetrics-Gynecology,1484220C0,4,4,ISMMS,Mount,Sinai,Morningside-West-NY,Pediatrics-Primary,1484320M0,17,17,Psychiatry,1484400C0,4,4,New,York,Code,Quota,Matched,General,Surgery,1484440C0,3,3,Anesthesiology,2070040A0,2,2,Surgery-Preliminary,1484440P0,4,4,Anesthesiology,2070040C0,13,13,Transitional,1484999P0,13,10,Emergency,Medicine,2070110C0,20,20,Maimonides,Med,Ctr-NY,Internal,Medicine,2070140C0,61,61,Medicine-Primary,2070140M0,4,4,Brooklyn,Code,Quota,Matched,Medicine-Preliminary,2070140P0,10,10,Anesthesiology,1428040C0,11,11,Med-Prelim/Ophthalmology,2070140P1,10,10,Emergency,Medicine,1428110C0,18,18,Med-Prelim/Neurology,2070140P2,5,5,Internal,Medicine,1428140C0,28,28,Neurology,2070180A0,5,5,Internal,Medicine/ROAP,1428140C1,2,2,Obstetrics-Gynecology,2070220C0,7,7,Medicine-Preliminary,1428140P0,5,5,Pathology,2070300C0,5,5,Obstetrics-Gynecology,1428220C0,7,7,Psychiatry,2070400C0,12,12,Orthopaedic,Surgery,1428260C0,3,3,Radiology-Diagnostic,2070420A0,11,11,Pediatrics,1428320C0,20,18,ISMMS,Mount,Sinai,South,Nassau-NY,Psychiatry,1428400C0,10,10,Radiology-Diagnostic,1428420A0,4,4,Oceanside,Code,Quota,Matched,Radiation,Oncology,1428430A0,2,2,Family,Medicine,3067120C0,6,5,Radiation,Oncology,1428430R0,1,1,Internal,Medicine,3067140C0,10,10,General,Surgery,1428440C0,5,5,Int,Med/Sabbath,Observant,3067140C1,3,3,Surgery-Preliminary,1428440P0,2,2,Obstetrics-Gynecology,3067220C0,4,4,Vascular,Surgery,1428451C0,1,0,General,Surgery,3067440C0,3,3,Memorial,Sloan-Kettering-NY,ISMMS,NYC,Health+Hospitals/Elmhurst-NY,New,York,Code,Quota,Matched,Elmhurst,Code,Quota,Matched,Radiation,Oncology,1466430A0,6,6,Internal,Medicine,1491140C0,20,20,Transitional,1466999P0,24,24,Medicine-Preliminary,1491140P0,18,18,Mohawk,Valley,Health,Sys-NY,Psychiatry,1491400C0,12,12,ISMMS,NYC,Health+Hospitals/Queens-NY,Utica,Code,Quota,Matched,Obstetrics-Gynecology,2339220C0,4,4,Jamaica,Code,Quota,Matched,Psychiatry,2339400C0,4,4,Internal,Medicine,1489140C0,22,22,General,Surgery,2339440C0,3,3,Medicine,Preliminary,1489140P0,8,8,Surgery-Preliminary,2339440P0,3,3,Obstetrics-Gynecology,1489220C0,3,3,Transitional,2339999P0,12,4,Institute,for,Family,Health-NY,Montefiore,Med,Ctr/Einstein-NY,New,York,Code,Quota,Matched,Bronx,Code,Quota,Matched,Family,Medicine/Mid-Hudson,2004120C0,10,7,Anesthesiology,3153040A0,6,6,Family,Medicine/Harlem-Mt,Sinai,2004120C1,8,8,Anesthesiology,3153040C0,11,11,Jacobi,Med,Ctr/Einstein-NY,Dermatology,3153080A0,6,6,Emergency,Medicine/Jacobi,3153110C0,21,21,Bronx,Code,Quota,Matched,Family,Medicine,3153120C0,10,8,Internal,Medicine,3172140C0,28,28,Internal,Medicine,3153140C0,39,39,Int,Med/Sabbath,Observed,3172140C1,2,2,Internal,Med/Wakefield,3153140C3,23,23,Internal,Med/N,Central,Bronx,3172140C4,18,18,Med-Primary/Social,Int,Med,3153140M0,10,10,Medicine-Primary,3172140M0,4,4,Med-Prelim/Wakefield,3153140P3,4,4,Pediatrics,3172320C0,15,15,Med-Prelim/Ophthalmology,3153140P4,5,5,Radiology-Diagnostic,3172420A0,4,4,Neurological,Surgery,3153160C0,2,2,Radiology-Diagnostic/Sabbath,3172420A1,1,1,Neurology,3153180A0,3,3,Jamaica,Hosp,Med,Ctr-NY,Neurology,3153180C0,9,9,Child,Neurology,3153185C0,2,2,Jamaica,Code,Quota,Matched,Obstetrics-Gynecology,3153220C0,10,10,Family,Medicine,1449120C0,11,11,Ob-Gyn/Preliminary,3153220P0,1,0,Obstetrics-Gynecology,1449220C0,3,3,Orthopaedic,Surgery,3153260C0,6,6,Ob-Gyn/Preliminary,1449220P0,1,0,Otolaryngology,3153280C0,4,4,Psychiatry,1449400C0,7,7,Pathology,3153300C0,6,6,Results,and,Data,2024,Main,Residency,Match®,123
NRMP,Program,Results,2024,Main,Residency,Match®,Montefiore,Med,Ctr/Einstein-NY,(Continued),Anesthesiology/Apgar,Research,1495040C1,2,2,Dermatology,1495080A0,3,3,Pediatrics,3153320C0,23,23,Family,Medicine,1495120C0,6,6,Pediatrics/Research,3153320C1,1,0,Internal,Medicine,1495140C0,44,44,Peds-Primary/Social,3153320M0,4,4,Neurological,Surgery,1495160C0,3,3,Phys,Medicine,&,Rehab,3153340A0,5,5,Neurology,1495180C0,10,10,Physi,Medicine,&,Rehab,3153340C0,4,4,Child,Neurology,1495185C0,2,2,Plastic,Surgery,(Integrated),3153362C0,2,2,Obstetrics-Gynecology,1495220C0,6,6,Psychiatry,3153400C0,12,12,Orthopaedic,Surgery,1495260C0,5,5,Interventional,Radiology,(Integ),3153416A0,2,2,Ortho,Surgery/Research,COR,6,yr,1495260C2,1,1,Radiology-Diagnostic,3153420A0,7,7,Pathology,1495300C0,7,7,Radiation,Oncology,3153430A0,1,1,Pediatrics,1495320C0,25,25,General,Surgery,3153440C0,10,10,Pediatrics/Physician,Scientist,1495320C2,1,1,Surgery-Preliminary,3153440P3,20,20,Psychiatry,1495400C0,12,12,Vascular,Surgery,3153451C0,2,2,Interventional,Radiology,(Integ),1495416A0,2,2,Thoracic,Surgery,3153461C0,2,2,Radiology-Diagnostic,1495420A0,6,6,Montefiore,St,Lukes,Cornwall-NY,Radiation,Oncology,1495430A0,2,2,General,Surgery,1495440C0,7,7,Newburgh,Code,Quota,Matched,Surg-Prelim/Oral,Surgery,1495440P0,2,2,Internal,Medicine,2309140C0,12,12,Surgery-Preliminary,1495440P2,4,4,Montefiore-New,Rochelle/Einstein-NY,Thoracic,Surgery,1495461C0,2,2,New,Rochelle,Code,Quota,Matched,NYP,Hosp-Weill,Cornell,Med,Ctr-NY,Internal,Medicine,1459140C0,13,13,New,York,Code,Quota,Matched,Medicine-Preliminary,1459140P0,8,8,Anesthesiology,1492040C0,19,19,NYMC-Metropolitan,Hosp,Ctr-NY,Anesth/Research,Scholars,1492040C1,1,1,Anesthesiology,1492040R0,2,2,Valhalla,Code,Quota,Matched,Dermatology,1492080A0,5,5,Anesthesiology,1473040C0,4,4,Internal,Medicine,1492140C0,35,35,Dermatology,1473080A0,3,3,Internal,Med/Research,1492140C1,5,5,Emergency,Medicine,1473110C0,12,12,Medicine-Primary,1492140M0,4,4,Emergency,Medicine/Shabbos,1473110C1,0,0,Neurological,Surgery,1492160C0,2,2,Internal,Medicine,1473140C0,20,20,Neurology,1492180C0,9,9,Medicine-Preliminary,1473140P0,6,6,Child,Neurology,1492185C0,0,0,Pediatrics,1473320C0,7,3,Obstetrics-Gynecology,1492220C0,6,6,Phys,Medicine,&,Rehab,1473340A1,3,3,Ob-Gyn/Preliminary,1492220P0,1,1,Psychiatry,1473400C0,6,6,Pathology,1492300C0,10,10,General,Surgery,1473440C0,5,5,Pediatrics,1492320C0,20,20,Surgery-Preliminary,1473440P0,5,5,Pediatrics/Gen,Phys,Sci,Path,1492320C1,1,1,NYMC-St,Josephs,Med,Ctr-NY,Plastic,Surgery,(Integrated),1492362C0,2,2,Psych/Payne,Whitney,1492400C0,10,10,Valhalla,Code,Quota,Matched,Interventional,Radiology,(Integ),1492416C0,3,3,Family,Medicine,1525120C0,10,10,Radiology-Diagnostic,1492420A0,7,7,Psychiatry,1525400C0,4,4,General,Surgery,1492440C0,8,8,NYP,Brooklyn,Methodist,Hosp-NY,Surgery-Preliminary,1492440P0,5,4,Brooklyn,Code,Quota,Matched,NYU,Grossman,Long,Island,SOM-NY,Emergency,Medicine,1429110C0,13,13,Mineola,Code,Quota,Matched,Internal,Medicine,1429140C0,34,34,Emergency,Medicine,1455110C0,6,6,Medicine-Preliminary,1429140P0,8,8,Internal,Medicine,1455140C0,20,20,Obstetrics-Gynecology,1429220C0,4,4,Internal,Medicine/LISOM,Trk,1455140C1,2,2,Ob-Gyn/Preliminary,1429220P0,1,1,Medicine-Preliminary,1455140P0,16,16,Pediatrics,1429320C0,10,5,Neurology,1455180A0,3,3,Radiation,Oncology,1429430A0,2,2,Obstetrics-Gynecology,1455220C0,5,5,General,Surgery,1429440C0,3,3,Obstetrics-Gynecology/LISOM,Trk,1455220C1,1,1,Surgery-Preliminary,1429440P0,5,1,Orthopaedic,Surgery,1455260C0,3,3,NYP,Hosp-Columbia,&,Cornell-NY,Pathology,1455300C0,3,3,Pediatrics,1455320C0,10,10,New,York,Code,Quota,Matched,Pediatrics/LISOM,Trk,1455320C1,2,2,Emergency,Medicine,1409110C0,21,21,General,Surgery,1455440C0,3,3,Otolaryngology,1409280C0,4,4,General,Surgery/LISOM,Trk,1455440C1,2,2,Phys,Medicine,&,Rehab,1409340A0,8,8,Surgery-Preliminary,1455440P0,5,2,NYP,Hosp-Columbia,Univ,Med,Ctr-NY,NYU,Grossman,School,Of,Medicine-NY,New,York,Code,Quota,Matched,New,York,Code,Quota,Matched,Anesthesiology,1495040C0,24,24,Anesthesiology/NYU,Man,2978040A0,22,22,Results,and,Data,2024,Main,Residency,Match®,124
NRMP,Program,Results,2024,Main,Residency,Match®,NYU,Grossman,School,Of,Medicine-NY,(Continued),Ob-Gyn/Preliminary,1448220P0,1,1,Orthopaedic,Surgery,1448260C0,3,3,Anesthesiology/NYU,Bkln,2978040A1,7,7,Pediatrics,1448320C0,5,5,Anesthesiology/NYU,LI,2978040A3,3,3,Phys,Medicine,&,Rehab,1448340A0,4,4,Anesthesiology,2978040R0,4,4,Plastic,Surgery,(Integrated),1448362C0,1,1,Anesthesiology/LI,2978040R1,3,3,Psychiatry,1448400C0,8,8,Dermatology,2978080A0,6,6,Psychiatry/CAP,5,yr,1448400C1,3,3,Dermatology/3-yr,MD,Path,2978080A2,2,2,Radiology-Diagnostic,1448420A0,4,4,Emergency,Medicine,2978110C0,17,17,General,Surgery,1448440C0,3,3,Emergency,Med/3-yr,MD,Path,2978110C1,1,1,Surgery-Preliminary,1448440P0,7,1,Internal,Medicine,2978140C0,26,26,Transitional,1448999P0,10,10,Int,Med/Clin,Invest,Track,2978140C2,9,9,New,York,Institute,Technology,COM,Int,Med/NYU-Tisch-Kimmel,2978140C3,7,7,Int,Med/3-yr,MD,Path,Clin,Invest,2978140C5,1,1,Old,Westbury,Code,Quota,Matched,Int,Med/3-yr,MD,Path,Tisch-Kimmel2978140C6,3,3,Family,Medicine,2314120C0,7,5,Internal,Medicine/NYU,Bkln,2978140C7,10,10,New,York-Presbyterian/Queens,Medicine-Primary/NYU,Man,2978140M0,8,8,Med-Prelim/NYU,Man,2978140P0,1,1,Flushing,Code,Quota,Matched,Med-Prelim/Neurology,NYU,Man,2978140P1,11,11,Emergency,Medicine,1822110C0,9,9,Med-Prelim/Anesthesia,NYU,Man,2978140P2,3,3,Internal,Medicine,1822140C0,18,18,Med-Prelim/NYU,Bkln,2978140P3,2,2,Medicine-Preliminary,1822140P0,6,6,Med-Prelim/Neurology,NYU,Bkln,2978140P4,4,4,General,Surgery,1822440C0,5,5,Med-Prelim/Anesthesia,NYU,Bkln,2978140P5,4,4,Surgery-Preliminary,1822440P0,6,1,Med-Prelim/3-yr,MD,Path,Man,2978140P6,4,4,Niagara,Falls,Mem,Med,Ctr-NY,Neurological,Surgery,2978160C0,3,3,Neuro,Surgery/3-yr,MD,Path,2978160C1,0,0,Niagara,Falls,Code,Quota,Matched,Neurology/NYU,Man,2978180A0,12,12,Family,Medicine,2205120C0,4,4,Neurology/NYU,Bkln,2978180A1,5,5,Nuvance,Health-NY,Child,Neurology,2978185C0,3,3,Obstetrics-Gynecology,2978220C0,9,9,Poughkeepsie,Code,Quota,Matched,Ob-Gyn/3-yr,MD,Path,2978220C1,1,1,Anesthesiology,2183040C0,6,6,Orthopaedic,Surgery,2978260C0,11,11,Emergency,Medicine,2183110C0,10,9,Ortho,Surgery/3-yr,MD,Path,2978260C1,3,3,Family,Medicine,2183120C0,8,8,Otolaryngology,2978280C0,4,4,Internal,Medicine,2183140C0,25,25,Pathology,2978300C0,6,6,Neurology,2183180C0,5,5,Pathology/3-yr,MD,Path,2978300C2,1,1,Psychiatry,2183400C0,8,8,Pathology/Phys,Scientist,2978300C3,0,0,General,Surgery,2183440C0,3,3,Pediatrics,2978320C0,19,19,Transitional,2183999P0,4,4,Pediatrics/3-yr,MD,Path,2978320C1,0,0,OBH,Brookdale,Univ,Hosp,Med,Ctr-NY,Phys,Medicine,&,Rehab,2978340A0,12,12,Plastic,Surgery,(Integrated),2978362C0,3,3,Brooklyn,Code,Quota,Matched,Plastic,Surg,(Integ)/3-yr,MD,Path,2978362C1,1,1,Emergency,Medicine,1419110C0,8,8,Psychiatry,2978400C0,12,12,Psychiatry,1419400C0,7,5,Psychiatry/Research/MDPhD,2978400C1,2,2,General,Surgery,1419440C0,3,3,Psychiatry/Child/Research,2978400C2,1,0,Surgery-Preliminary,1419440P0,9,1,Psychiatry/3yr,MD,2978400C3,1,1,OBH,Interfaith,Med,Ctr-NY,Interventional,Radiology,(Integ),2978416A0,3,3,Radiology-Diagnostic,2978420A0,8,8,Brooklyn,Code,Quota,Matched,Radiology-Diag/3-Yr,MD,Path,2978420A1,2,2,Psychiatry,1425400C0,9,9,Radiation,Oncology,2978430A0,3,3,OBH,Kingsbrook,Jewish,Med,Ctr-NY,General,Surgery/NYU,Man,2978440C0,7,7,General,Surgery/NYU,Bkln,2978440C1,3,2,Brooklyn,Code,Quota,Matched,Gen,Surgery/3-yr,MD,Path,Man,2978440C2,1,1,Orthopaedic,Surgery,1476260C0,2,1,Surg-Prelim/NYU,Man,2978440P0,4,4,Phys,Medicine,&,Rehab,1476340A0,4,4,Surg-Prelim/Int,Radiology,2978440P2,2,2,Our,Lady,Of,Lourdes-NY,Vascular,Surgery,2978451C0,1,1,Thoracic,Surgery,2978461C0,2,2,Binghamton,Code,Quota,Matched,Psychiatry-Neurology,2978755C0,1,1,Family,Medicine,2185120C0,10,10,Nassau,Univ,Med,Ctr-NY,Internal,Medicine,2185140C0,6,6,East,Meadow,Code,Quota,Matched,Richmond,Univ,Med,Ctr-NY,Emergency,Medicine,1448110C0,6,2,Staten,Island,Code,Quota,Matched,Internal,Medicine,1448140C0,25,25,Internal,Medicine,1514140C0,12,8,Medicine-Preliminary,1448140P0,5,1,Medicine-Preliminary,1514140P0,14,3,Med-Prelim/Ophthalmology,1448140P1,4,4,Obstetrics-Gynecology,1514220C0,4,4,Obstetrics-Gynecology,1448220C0,4,4,Results,and,Data,2024,Main,Residency,Match®,125
NRMP,Program,Results,2024,Main,Residency,Match®,Richmond,Univ,Med,Ctr-NY,(Continued),Radiation,Oncology,1516430A0,2,2,General,Surgery,1516440C0,6,6,Pediatrics,1514320C0,6,5,Surgery-Preliminary,1516440P0,6,1,Psychiatry,1514400C0,6,6,Samaritan,Med,Ctr-NY,Radiology-Diagnostic,1514420A0,2,2,Rochester,Gen,Hosp-NY,Watertown,Code,Quota,Matched,Family,Medicine,2024120C0,2,2,Rochester,Code,Quota,Matched,Internal,Medicine,2024140C0,2,2,Family,Medicine,1509120C0,5,5,South,Brooklyn,Health.-NY,Internal,Medicine,1509140C0,24,24,Obstetrics-Gynecology,1509220C0,5,5,Brooklyn,Code,Quota,Matched,Psychiatry,1509400C0,4,4,Emergency,Medicine,1422110C0,6,1,Interventional,Radiology,(Integ),1509416A0,3,1,Internal,Medicine,1422140C0,26,26,Radiology-Diagnostic,1509420A0,5,5,Obstetrics-Gynecology,1422220C0,3,3,Rochester,Regional,Health/Unity,Hosp-NY,Surgery-General,1422440C0,3,3,Transitional/Ophthalmology,1422999P1,8,8,Rochester,Code,Quota,Matched,St,Barnabas,Hosp-NY,Internal,Medicine,1510140C0,16,16,SUNY,HSC,Brooklyn-NY,Bronx,Code,Quota,Matched,Dermatology,3113080A0,1,1,Brooklyn,Code,Quota,Matched,Emergency,Medicine/Osteopathic,3113110C0,15,11,Anesthesiology,1426040C0,13,13,Osteo,Neuromusculo,Med,3113275C0,4,0,Anesthesiology,1426040R0,4,4,Pediatrics,3113320C0,6,6,Dermatology,1426080A0,7,7,General,Surgery,3113440C0,4,4,Emergency,Medicine,1426110C0,16,16,St,Elizabeth,Med,Ctr-NY,Family,Medicine,1426120C0,6,6,Internal,Medicine,1426140C0,42,42,Utica,Code,Quota,Matched,Medicine-Primary,1426140M0,12,12,Family,Medicine,3064120C0,10,10,Medicine-Preliminary,1426140P0,10,10,St,Johns,Riverside,Hospital-NY,Neurology,1426180C0,11,11,Child,Neurology,1426185C0,2,2,Yonkers,Code,Quota,Matched,Obstetrics-Gynecology,1426220C0,6,6,Emergency,Medicine,1897110C0,10,9,Orthopaedic,Surgery,1426260C0,6,6,Internal,Medicine,1897140C0,9,8,Otolaryngology,1426280C0,3,3,Medicine-Preliminary,1897140P0,3,3,Pathology,1426300C0,4,4,St,Josephs,Health-NY,Pediatrics,1426320C0,26,26,Phys,Medicine,&,Rehab,1426340A0,6,6,Syracuse,Code,Quota,Matched,Psychiatry,1426400C0,12,12,Family,Medicine,1518120C0,14,14,Radiology-Diagnostic,1426420A0,8,8,Transitional,1518999P0,6,6,General,Surgery,1426440C0,7,7,Stony,Brook,Teach,Hosps-NY,Surgery-Preliminary,1426440P0,12,4,Medicine-Emergency,Med,1426705C0,3,3,Stony,Brook,Code,Quota,Matched,SUNY,Upstate,Med,University,Anesthesiology,2919040C0,13,13,Dermatology,2919080A0,3,3,Syracuse,Code,Quota,Matched,Emergency,Medicine,2919110C0,14,14,Anesthesiology,1516040C0,11,11,Emergency,Medicine/3-yr,MD,Path,2919110C1,2,2,Emergency,Medicine,1516110C0,11,11,Family,Medicine,2919120C0,7,7,Family,Medicine,1516120C0,6,6,Internal,Medicine,2919140C0,31,31,Family,Med/Rural-Auburn,1516120C1,2,2,Internal,Med/Southampton,2919140C2,7,6,Internal,Medicine,1516140C0,36,36,Internal,Medicine/3-yr,MD,Path,2919140C3,1,1,Medicine-Preliminary,1516140P0,17,17,Medicine-Primary,2919140M0,1,1,Med-Prelim/Radiology,1516140P4,2,2,Neurological,Surgery,2919160C0,1,1,Med-Prelim/RadOnc,1516140P6,0,0,Neurology,2919180C0,6,6,Neurological,Surgery,1516160C0,1,1,Child,Neurology,2919185C0,1,1,Neurology,1516180C0,9,9,Obstetrics-Gynecology,2919220C0,5,5,Neurology,1516180R0,1,1,Orthopaedic,Surgery,2919260C0,5,5,Obstetrics-Gynecology,1516220C0,5,5,Otolaryngology,2919280C1,1,1,Orthopaedic,Surgery,1516260C0,5,5,Pathology,2919300C0,4,4,Otolaryngology,1516280C0,3,3,Pediatrics,2919320C0,11,10,Pathology,1516300C0,3,3,Pediatrics/3-yr,MD,Path,2919320C1,1,1,Pediatrics,1516320C0,15,15,Phys,Medicine,&,Rehab,2919340A0,3,3,Phys,Medicine,&,Rehab,1516340C0,6,6,Psychiatry,2919400C0,5,5,Psychiatry,1516400C0,8,8,Psychiatry/Comb,Adult/Child,2919400C2,2,2,Psychiatry/Rural-Watertown,1516400C1,1,1,Psychiatry/ELIH,2919400C3,5,5,Psychiatry/Rural-BPC,1516400C11,2,1,Psychiatry/Research,2919400C5,1,1,Radiology-Diagnostic,1516420A0,7,7,Results,and,Data,2024,Main,Residency,Match®,126
NRMP,Program,Results,2024,Main,Residency,Match®,Stony,Brook,Teach,Hosps-NY,(Continued),University,at,Buffalo,SOM-NY,Radiology-Diagnostic,2919420A0,5,5,Buffalo,Code,Quota,Matched,Radiology-Diagnostic/3-yr,MD,Path2919420A2,1,1,Anesthesiology,3099040C0,12,12,Radiation,Oncology,2919430A0,1,1,Emergency,Medicine,3099110C0,16,14,General,Surgery/Combined,2919440C2,7,7,Fam,Med/Buffalo,General,3099120C0,4,4,Surg-Prelim/Combined,2919440P3,8,5,Fam,Med/Erie,County,3099120C1,5,5,Vascular,Surgery,2919451C0,1,1,Fam,Med/Millard,Fillmore,3099120C2,5,5,Medicine-Pediatrics,2919700C0,3,3,Family,Med/Olean,3099120C4,3,3,Transitional/Southhampton,2919999P1,10,5,Family,Medicine/Sisters,3099120C5,5,5,Transitional/Ophthalmology,2919999P2,3,3,Internal,Medicine,3099140C0,33,33,Transitional/3-yr,MD,Path,2919999P3,1,1,Internal,Med/Sisters,3099140C5,13,13,Transitional/Radiology,2919999P4,1,1,Medicine-Preliminary,3099140P1,1,1,U,Rochester/Strong,Memorial-NY,Med-Prelim/Sisters,3099140P4,2,2,Med-Prelim/Ophthalmology,3099140P6,3,3,Rochester,Code,Quota,Matched,Neurological,Surgery,3099160C0,4,4,Anesthesiology,1511040C0,18,18,Neurology,3099180C0,6,6,Anesthesiology,1511040R0,1,1,Child,Neurology,3099185C0,1,1,Dermatology,1511080A0,4,4,Obstetrics-Gynecology,3099220C0,9,9,Dermatology,1511080R0,1,1,Obstetrics-Gynecology/Sisters,3099220C1,4,4,Emergency,Medicine,1511110C0,14,13,Orthopaedic,Surgery,3099260C0,5,5,Family,Medicine/Urban,1511120C0,11,11,Otolaryngology,3099280C0,2,2,Family,Med/Inner,City,1511120C1,2,2,Pathology,3099300C0,4,4,Internal,Medicine,1511140C0,25,25,Pediatrics,3099320C0,16,16,Int,Med/Physician,Scientist,1511140C1,2,2,Psychiatry,3099400C0,4,4,Medicine-Primary,1511140M0,1,1,Combined,Adult/Child,Psych,3099400C1,3,3,Medicine-Primary/Rural,1511140M1,0,0,Radiology-Diagnostic,3099420A0,4,4,Medicine-Preliminary,1511140P0,4,4,Radiation,Oncology,3099430A0,2,2,Neurological,Surgery,1511160C0,2,2,Radiation,Oncology,3099430R0,1,1,Neurology,1511180C0,8,8,General,Surgery,3099440C0,9,9,Child,Neurology,1511185C0,3,3,Surgery-Preliminary,3099440P0,5,5,Child,Neurology,1511185R0,1,0,Vascular,Surgery,3099451C0,1,1,Obstetrics-Gynecology,1511220C0,8,8,Medicine-Pediatrics,3099700C0,4,4,Orthopaedic,Surgery,1511260C0,7,7,Medicine-Preventive,Med,3099751C0,1,1,Ortho,Surgery/Research,1511260C1,1,1,Westchester,Medical,Ctr-NY,Otolaryngology,1511280C0,3,3,Pathology,1511300C0,6,6,Valhalla,Code,Quota,Matched,Pathology-Anatomic,1511300C1,1,1,Anesthesiology,2157040C0,13,13,Pathology-Clinical,1511300C2,0,0,Internal,Medicine,2157140C0,19,19,Pediatrics,1511320C0,14,14,Internal,Medicine/Shabbos,2157140C1,2,2,Phys,Medicine,&,Rehab,1511340C0,5,5,Neurological,Surgery,2157160C0,2,2,Plastic,Surgery,(Integrated),1511362C0,2,2,Neurology,2157180C0,6,6,Psychiatry,1511400C0,6,6,Neurology,2157180R0,3,3,Psychiatry/Child,Psych,1511400C1,2,2,Obstetrics-Gynecology,2157220C0,4,4,Interventional,Radiology,(Integ),1511416A0,2,2,Ob-Gyn/Preliminary,2157220P0,1,1,Radiology-Diagnostic,1511420A0,9,9,Orthopaedic,Surgery,2157260C0,3,3,Radiation,Oncology,1511430A0,2,2,Otolaryngology,2157280C0,1,1,Radiation,Oncology,1511430R0,1,1,Pathology,2157300C0,2,2,General,Surgery,1511440C0,8,8,Pathology/Shabbos,2157300C1,1,1,Surg-Prelim/Non-Designated,1511440P2,2,1,Pediatrics,2157320C0,20,18,Vascular,Surgery,1511451C0,1,1,Pediatrics-Preliminary/1,yr,2157320P1,2,0,Thoracic,Surgery,1511461C0,1,1,Peds-Prelim/BCH,Child,Neurology,2157320P2,1,1,Medicine-Pediatrics,1511700C0,8,8,Phys,Medicine,&,Rehab,2157340C0,4,4,UHS-Wilson,Med,Ctr-NY,Psychiatry,2157400C0,10,10,Psychiatry/Shabbos,2157400C1,0,0,Johnson,City,Code,Quota,Matched,Radiology-Diagnostic,2157420A0,4,4,Family,Medicine,1452120C0,9,7,Radiology-Diagnostic/Shabbos,2157420A1,1,1,Internal,Medicine,1452140C0,14,14,General,Surgery,2157440C0,2,2,Medicine-Preliminary,1452140P0,2,2,General,Surgery/Research,2157440C1,2,2,Psychiatry,1452400C0,8,8,Surgery-Preliminary,2157440P0,5,3,UVM,Health,Network,CVPH-NY,Woodhull,Med,Ctr-NY,Plattsburgh,Code,Quota,Matched,Brooklyn,Code,Quota,Matched,Family,Medicine,1813120C0,6,3,Internal,Medicine,3116140C1,22,22,Results,and,Data,2024,Main,Residency,Match®,127
NRMP,Program,Results,2024,Main,Residency,Match®,Wyckoff,Heights,Med,Ctr-NY,Neurological,Surgery,1700160C0,2,2,Neurology,1700180A0,9,9,Brooklyn,Code,Quota,Matched,Neurology,1700180R0,2,2,Emergency,Medicine,1435110C0,6,4,Obstetrics-Gynecology,1700220C0,10,10,Internal,Medicine,1435140C0,24,24,Ob-Gyn/Preliminary,1700220P0,2,2,Obstetrics-Gynecology,1435220C0,2,2,Orthopaedic,Surgery,1700260C0,4,4,Pediatrics,1435320C0,3,3,Otolaryngology,1700280C0,2,2,General,Surgery,1435440C0,3,3,Pathology,1700300C0,4,4,Zucker,SOM,Northern,Westchester,Med,Ctr-NY,Phys,Medicine,&,Rehab,1700340A0,4,4,Plastic,Surgery,(Integrated),1700362C0,2,2,Mount,Kisko,Code,Quota,Matched,Interventional,Radiology,(Integ),1700416A0,2,2,Internal,Medicine,2380140C0,8,8,Radiology-Diagnostic,1700420A0,10,10,Medicine-Preliminary,2380140P0,8,8,Radiation,Oncology,1700430A0,2,2,Zucker,SOM-Northwell,Cohen,Childrens-NY,General,Surgery,1700440C0,8,8,Surgery-Preliminary,1700440P0,12,3,New,Hyde,Park,Code,Quota,Matched,Vascular,Surgery,1700451C1,1,1,Child,Neurology,1861185C0,2,2,Thoracic,Surgery,1700461C0,1,1,Pediatrics,1861320C0,31,31,Medicine-Emergency,Med,1700705C0,2,2,Pediatrics-Preliminary,1861320P0,2,2,Zucker,SOM-Northwell,Peconic,Bay-NY,Zucker,SOM-Northwell,Forest,Hills,Hosp-NY,Riverhead,Code,Quota,Matched,Forest,Hills,Code,Quota,Matched,Family,Medicine,2200120C0,5,5,Internal,Medicine,2062140C0,12,12,Transitional,2200999P0,12,12,Medicine-Preliminary,2062140P0,2,2,Zucker,SOM-Northwell,Phelps,Hosp-NY,Zucker,SOM-Northwell,Glen,Cove,Hosp-NY,Sleepy,Holllow,Code,Quota,Matched,Glen,Cove,Code,Quota,Matched,Family,Medicine,1453120C0,8,8,Family,Medicine,1446120C0,7,7,Zucker,SOM-Northwell,Plainview,Hosp-NY,Zucker,SOM-Northwell,Huntington,Hosp-NY,Plainview,Code,Quota,Matched,Huntington,Code,Quota,Matched,Family,Medicine,1938120C0,10,10,Orthopaedic,Surgery,2319260C0,6,6,Transitional,1938999P0,10,10,Zucker,SOM-Northwell,Lenox,Hill,Hosp-NY,Zucker,SOM-Northwell,South,Shore-NY,New,York,Code,Quota,Matched,Bay,Shore,Code,Quota,Matched,Internal,Medicine,1483140C0,22,22,Anesthesiology,1417040A0,6,6,Medicine-Primary,1483140M0,3,3,Anesthesiology,1417040R0,6,6,Medicine-Preliminary,1483140P0,15,15,Emergency,Medicine,1417110C0,6,3,Med-Prelim/Neurology,1483140P1,1,1,Internal,Medicine,1417140C0,6,6,Obstetrics-Gynecology,1483220C0,4,4,Obstetrics-Gynecology,1417220C0,4,4,Orthopaedic,Surgery,1483260C0,2,2,Ob-Gyn/Preliminary,1417220P0,1,1,Pathology,1483300C0,1,1,General,Surgery,1417440C0,3,3,Radiology-Diagnostic,1483420A0,4,4,Surgery-Preliminary,1417440P0,5,0,General,Surgery,1483440C0,4,4,Transitional,1417999P0,10,10,Surgery-Preliminary,1483440P0,3,2,Transitional/Neurology,1417999P1,0,0,Vascular,Surgery,1483451C0,1,1,Zucker,SOM-Northwell,Staten,Island,Univ-NY,Zucker,SOM-Northwell,Mather,Hosp-NY,Staten,Island,Code,Quota,Matched,Port,Jefferson,Code,Quota,Matched,Emergency,Medicine,1515110C0,10,10,Internal,Medicine,2187140C0,18,18,Internal,Medicine,1515140C0,34,34,Psychiatry,2187400C0,6,6,Internal,Medicine/Shabbos,CAT,1515140C1,1,1,Interventional,Radiology,(Integ),2187416A0,1,1,Medicine-Preliminary,1515140P0,15,15,Radiology-Diagnostic,2187420A0,3,3,Med-Prelim/Neurology,1515140P1,3,3,Transitional,2187999P0,8,8,Med-Prelim/Radiology,1515140P2,2,2,Trans/Radiology,Mather,2187999P1,0,0,Med-Prelim/Shabbos,1515140P3,3,3,Trans/Int,Radiology,Mather,2187999P2,1,1,Neurology,1515180A0,6,6,Trans/Neurology,NS/LIJ,2187999P3,2,2,Obstetrics-Gynecology,1515220C0,4,4,Zucker,SOM-Northwell,NS/LIJ-NY,Pathology,1515300C0,3,3,Pediatrics,1515320C0,8,8,New,Hyde,Park,Code,Quota,Matched,Psychiatry,1515400C0,4,4,Anesthesiology,1700040C0,6,6,Radiology-Diagnostic,1515420A0,4,4,Dermatology,1700080A0,5,5,General,Surgery,1515440C0,3,3,Emergency,Medicine,1700110C2,23,23,Surgery-Preliminary,1515440P0,6,5,Internal,Medicine,1700140C0,36,36,Medicine-Preliminary,1700140P0,19,19,Results,and,Data,2024,Main,Residency,Match®,128
NRMP,Program,Results,2024,Main,Residency,Match®,Zucker,SOM-Northwell,Zucker,Hillside-NY,Emergency,Medicine,1529110C0,12,12,Family,Medicine,1529120C0,6,6,Glen,Oaks,Code,Quota,Matched,Family,Medicine/Rural,1529120C1,2,1,Psychiatry,1860400C0,11,11,Internal,Medicine,1529140C0,45,45,Psychiatry/Research,1860400C1,2,2,Internal,Medicine/PSTP,1529140C1,1,1,NORTH,CAROLINA,Medicine-Preliminary,1529140P0,4,4,Med-Prelim/Neurology,1529140P1,7,7,Atrium,Health,Cabarrus-NC,Neurological,Surgery,1529160C0,3,3,Concord,Code,Quota,Matched,Neurology,1529180A0,7,7,Neurology,1529180R0,1,1,Family,Med/Cabarrus,1231120C0,8,8,Child,Neurology,1529185C0,2,2,Campbell,University-NC,Child,Neurology,1529185R0,1,0,Lillington,Code,Quota,Matched,Obstetrics-Gynecology,1529220C0,9,9,Orthopaedic,Surgery,1529260C0,8,8,Dermatology/Sampson,RMC,2128080A0,2,2,Otolaryngology,1529280C0,3,3,Emergency,Medicine/Cape,Fear,2128110C0,13,9,Otolaryngology/Research,1529280C1,1,1,Emergency,Med/Southeastern,Hlth,2128110C1,8,3,Pathology,1529300C0,6,6,Family,Medicine/Harnett,Health,2128120C0,4,4,Pediatrics,1529320C0,14,14,Family,Medicine/Sampson,RMC,2128120C1,4,2,Pediatrics/Research,Scholars,1529320C1,2,2,Family,Medicine/Southeastern,Hlth,2128120C2,8,8,Plastic,Surgery,(Integrated),1529362C0,3,3,Family,Medicine/Conway,MC,2128120C3,8,8,Psychiatry,1529400C0,10,10,Internal,Medicine/Cape,Fear,2128140C0,24,24,Psychiatry/Research,1529400C3,2,2,Internal,Medicine/Southeastern,Hlth2128140C1,13,9,Interventional,Radiology,(Integ),1529416A0,3,3,Internal,Medicine/Harnett,Health,2128140C2,8,8,Radiology-Diagnostic,1529420A0,10,10,Obstetrics-Gynecology/Cape,Fear,2128220C0,4,4,Radiation,Oncology,1529430A0,4,4,Psychiatry/Cape,Fear,2128400C0,9,8,General,Surgery,1529440C0,7,7,General,Surgery/Cape,Fear,2128440C0,6,6,Surgery-Preliminary,1529440P0,3,2,Transitional/Cape,Fear,2128999P0,21,6,Surg-Prelim/Int,Radiology,1529440P4,3,2,Transitional/Harnett,Health,2128999P1,13,4,Vascular,Surgery,1529451C0,1,1,Transitional/Sampson,RMC,2128999P2,2,2,Thoracic,Surgery,1529461C0,1,1,Trans/Sampson,RMC,Dermatology,2128999P3,2,2,Medicine-Pediatrics,1529700C0,6,6,Transitional/Conway,MC,2128999P4,15,4,Medicine-Psychiatry,1529715C0,2,2,Carolinas,Med,Ctr-NC,ECU,Health,Med,Ctr-NC,Charlotte,Code,Quota,Matched,Greenville,Code,Quota,Matched,Emergency,Medicine,1527110C0,14,14,Emergency,Medicine,3057110C0,12,12,Family,Med/Elizabeth/Traditional,1527120C0,6,6,Family,Medicine,3057120C0,12,10,Family,Med/Biddle,Point/Urban,1527120C1,3,3,Family,Medicine/Rural-Ahoskie,3057120C1,3,3,Family,Med/Union/Apprenticeship,1527120C2,3,0,Family,Medicine/Rural-Duplin,3057120C2,3,3,Internal,Medicine,1527140C0,16,16,Fam,Med/Rural-Roanoke,Rapids,3057120C3,3,3,Medicine-Preliminary,1527140P0,6,6,Internal,Medicine,3057140C0,19,19,Med-Prelim/PM&R,1527140P1,2,2,Medicine-Preliminary,3057140P0,3,1,Neurological,Surgery,1527160C0,1,1,Obstetrics-Gynecology,3057220C0,5,5,Obstetrics-Gynecology,1527220C0,6,6,Pathology,3057300C0,3,3,Orthopaedic,Surgery,1527260C0,5,5,Pediatrics,3057320C0,10,7,Pediatrics,1527320C0,16,16,Phys,Medicine,&,Rehab,3057340C0,5,5,Phys,Medicine,&,Rehab,1527340A0,5,5,Psychiatry,3057400C0,9,9,Psychiatry,1527400C0,6,6,General,Surgery,3057440C0,5,5,General,Surgery,1527440C0,6,6,Surgery-Preliminary,3057440P0,4,0,Surgery-Preliminary,1527440P0,1,1,Medicine-Pediatrics,3057700C0,6,6,Cone,Health-NC,Medicine-Emergency,Med,3057705C0,2,2,Greensboro,Code,Quota,Matched,Medicine-Psychiatry,3057715C0,2,2,Family,Medicine,1943120C0,7,7,Mountain,AHEC-NC,Family,Medicine/FIRST,1943120C1,1,1,Asheville,Code,Quota,Matched,Internal,Medicine,1943140C0,6,6,Family,Medicine/Asheville,3023120C0,12,7,Medicine-Preliminary,1943140P0,6,6,Family,Med/Hendersonville,3023120C1,6,6,Psychiatry,1943400C0,4,4,Family,Medicine/Boone,3023120C2,6,4,Duke,Univ,Med,Ctr-NC,Internal,Medicine,3023140C0,17,17,Durham,Code,Quota,Matched,Internal,Medicine/Rural,3023140C1,1,1,Obstetrics-Gynecology,3023220C0,5,5,Anesthesiology,1529040C0,15,15,Psychiatry,3023400C0,6,6,Anesthesiology/ACES,60,months,1529040C1,0,0,General,Surgery,3023440C0,5,5,Dermatology,1529080A0,4,4,Transitional,3023999P0,13,11,Dermatology/Diversity,1529080A2,1,1,Dermatology/Research,1529080A3,0,0,Results,and,Data,2024,Main,Residency,Match®,129
NRMP,Program,Results,2024,Main,Residency,Match®,New,Hanover,Reg,Med,Ctr-NC,Wake,Forest,Baptist,Med,Ctr-NC,Wilmington,Code,Quota,Matched,Winston,Salem,Code,Quota,Matched,Family,Medicine,1534120C0,4,3,Anesthesiology,1537040C0,14,14,Family,Medicine/Rural,1534120C1,2,0,Dermatology,1537080A0,4,4,Family,Medicine/FIRST,1534120C2,2,2,Emergency,Medicine,1537110C0,15,15,Internal,Medicine,1534140C0,7,7,Family,Medicine,1537120C0,10,10,Medicine-Preliminary,1534140P0,2,2,Internal,Medicine,1537140C0,32,32,Obstetrics-Gynecology,1534220C0,4,4,Medicine-Primary,1537140M0,2,2,Ob-Gyn/Preliminary,1534220P1,1,0,Medicine-Preliminary,1537140P0,3,3,Psychiatry,1534400C0,4,4,Neurological,Surgery,1537160C0,2,2,General,Surgery,1534440C0,5,5,Neurology,1537180C0,6,6,Surgery-Preliminary,1534440P0,1,1,Child,Neurology,1537185C0,2,2,Novant,Health-NC,Obstetrics-Gynecology,1537220C0,6,6,Orthopaedic,Surgery,1537260C0,5,5,Cornelius,Code,Quota,Matched,Otolaryngology,1537280C0,3,3,Family,Medicine,1891120C0,6,6,Pathology,1537300C0,5,5,Southern,Regional,AHEC-NC,Pediatrics,1537320C0,14,6,Plastic,Surgery,(Integrated),1537362C0,3,3,Fayetteville,Code,Quota,Matched,Psychiatry,1537400C0,9,9,Family,Medicine,3046120C0,8,1,Interventional,Radiology,(Integ),1537416C0,2,2,U,North,Carolina,Hospitals,Radiology-Diagnostic,1537420A0,9,9,Radiation,Oncology,1537430A0,1,0,Chapel,Hill,Code,Quota,Matched,Radiation,Oncology,1537430R0,1,1,Anesthesiology,1900040C0,14,14,General,Surgery,1537440C0,7,7,Anesthesiology,1900040R0,2,2,Vascular,Surgery,1537451C0,1,1,Dermatology,1900080A0,6,6,WakeMed,Health,and,Hospitals-NC,Emergency,Medicine,1900110C0,12,12,Emergency,Med/Military,1900110C1,1,0,Raleigh,Code,Quota,Matched,Family,Medicine,1900120C0,7,7,Internal,Medicine,2275140C0,5,5,Family,Medicine/FQHC,1900120C1,6,6,Womack,Army,Med,Ctr-NC,Family,Medicine/FIRST,1900120C2,1,1,Internal,Medicine,1900140C0,28,28,Fort,Bragg,Code,Quota,Matched,Internal,Med/Research,1900140C1,2,2,Orthopaedic,Surgery,2376260C0,2,2,Medicine-Preliminary,1900140P0,9,9,NORTH,DAKOTA,Neurological,Surgery,1900160C0,2,2,Altru,Health,System-ND,Neurology,1900180C0,7,7,Child,Neurology,1900185C0,2,2,Grand,Forks,Code,Quota,Matched,Obstetrics-Gynecology,1900220C0,7,7,Family,Med/Grand,Forks,1100120C0,8,6,Orthopaedic,Surgery,1900260C0,4,4,U,North,Dakota,SOM,Ortho,Surgery/Research,6,yr,1900260C1,1,1,Otolaryngology,1900280C0,4,4,Grand,Forks,Code,Quota,Matched,Pathology,1900300C0,5,5,Family,Med/Bismarck,1539120C1,5,5,Pediatrics,1900320C0,16,16,Family,Medicine/Minot,1539120C2,6,6,Pediatrics/Physician,Scientist,1900320C2,1,1,Family,Medicine/Hettinger,1539120C3,2,1,Pediatrics-Primary,1900320M0,4,4,Family,Medicine/Rural,Williston,1539120C4,2,2,Pediatrics-Preliminary,1900320P0,1,1,Family,Medicine/Fargo,1539120C5,6,6,Phys,Medicine,&,Rehab,1900340C0,4,4,Internal,Medicine,1539140C0,7,7,Plastic,Surgery,(Integrated),1900362C0,2,2,Neurology,1539180C0,3,3,Psychiatry,1900400C0,18,18,Orthopaedic,Surgery,1539260C0,3,3,Psychiatry/PSTP,1900400C2,0,0,Pediatrics,1539320C0,4,4,Interventional,Radiology,(Integ),1900416A0,3,3,Psychiatry,1539400C0,6,6,Radiology-Diagnostic,1900420A0,9,9,General,Surgery,1539440C0,3,3,Radiation,Oncology,1900430A0,2,2,General,Surgery/Rural,1539440C1,2,2,General,Surgery,1900440C0,7,7,Surgery-Preliminary,1539440P0,3,2,Surgery-Preliminary,1900440P0,7,3,Transitional,1539999P0,5,5,Vascular,Surgery,1900451C0,1,1,OHIO,Thoracic,Surgery,1900461C0,1,1,Medicine-Pediatrics,1900700C0,6,6,Adena,Health,System-OH,Pediatrics/Medical,Genetics,1900765C0,1,1,Chillicothe,Code,Quota,Matched,UNC,Health,Blue,Ridge-NC,Family,Medicine,2127120C0,5,3,Morganton,Code,Quota,Matched,Internal,Medicine,2127140C0,7,2,Internal,Medicine,1914140C0,9,9,Psychiatry,2127400C0,3,3,Results,and,Data,2024,Main,Residency,Match®,130
NRMP,Program,Results,2024,Main,Residency,Match®,Akron,Gen,Med,Ctr/NEOMED-OH,Medicine-Medical,Genetics,1552766C0,1,1,Childrens,Hospital-NEOMED-OH,Akron,Code,Quota,Matched,Emergency,Medicine,1542110C0,11,11,Akron,Code,Quota,Matched,Family,Medicine,1542120C0,4,4,Pediatrics,1895320C0,26,15,Internal,Medicine,1542140C0,12,12,Christ,Hospital-OH,Medicine-Preliminary,1542140P0,3,2,Obstetrics-Gynecology,1542220C0,5,5,Cincinnati,Code,Quota,Matched,Orthopaedic,Surgery,1542260C0,3,3,Family,Medicine,1547120C0,7,7,Psychiatry,1542400C0,4,3,Internal,Medicine,1547140C0,9,9,General,Surgery,1542440C0,4,4,Medicine-Preliminary,1547140P0,11,6,Aultman,Hospital/NEOMED-OH,Cincinnati,Childrens,Hosp,Med,Ctr-OH,Canton,Code,Quota,Matched,Cincinnati,Code,Quota,Matched,Emergency,Medicine,1544110C0,6,4,Child,Neurology,1808185C0,6,6,Family,Medicine,1544120C0,7,7,Pediatrics,1808320C0,41,41,Obstetrics-Gynecology,1544220C0,5,5,Peds/Psych/Child,Psych,1808730C0,4,4,Orthopaedic,Surgery,1544260C0,2,2,Pediatrics-Medical,Genetics,1808765C0,3,1,Radiology-Diagnostic,1544420A0,4,4,Cleveland,Clinic,Fdn-OH,Bethesda,Hospital-OH,Cleveland,Code,Quota,Matched,Cincinnati,Code,Quota,Matched,Anesthesiology,1968040C0,24,24,Family,Medicine,2689120C0,7,7,Anesthesiology/South,Pointe,1968040C1,3,3,Canton,Med,Ed,Fdn/NEOMED-OH,Dermatology,1968080C0,4,4,Family,Medicine,1968120C0,5,5,Canton,Code,Quota,Matched,Internal,Medicine,1968140C0,46,46,Internal,Medicine,2009140C0,13,13,Internal,Med/Clin,Ed,1968140C1,3,3,Case,Western/Univ,Hosps,Cleveland,Med,Ctr-OH,Internal,Med/VA,1968140C2,6,6,Internal,Med/South,Pointe,1968140C3,4,4,Cleveland,Code,Quota,Matched,Internal,Med/Fairview,1968140C4,12,12,Anesthesiology,1552040C0,12,12,Med-Prelim/Fairview,1968140P2,2,2,Anes/CCM-Periop,Leadership,1552040C1,1,1,Neurological,Surgery,1968160C0,3,3,Dermatology,1552080A0,6,6,Neurology,1968180C0,12,12,Emergency,Medicine,1552110C0,12,12,Child,Neurology,1968185C0,2,2,Internal,Medicine,1552140C0,31,31,Obstetrics-Gynecology,1968220C0,7,7,Int,Med/International,Health,1552140C1,1,1,Orthopaedic,Surgery,1968260C1,6,6,Int,Med/Harrington,Phys-Sci,Path,1552140C2,2,2,Ortho,Surgery/South,Pointe,1968260C2,3,3,Int,Med/Ctr,of,Outpatient,Ed,1552140C5,6,6,Otolaryngology,1968280C0,4,4,Int,Med/International,Scholar,1552140C6,2,2,Pathology,1968300C0,7,7,Int,Med/Leadership,in,Med,Ed,1552140C8,2,2,Pediatrics,1968320C0,14,14,Medicine-Preliminary,1552140P0,6,6,Phys,Medicine,&,Rehab,1968340A0,2,2,Med-Prelim/Intl,Scholar,1552140P2,1,1,Plastic,Surgery,(Integrated),1968362C0,3,3,Med-Prelim/Ophthalmology,1552140P3,6,6,Plastic,Surg,(Integ)/South,Pointe,1968362C1,1,1,Neurological,Surgery,1552160C0,2,2,Psychiatry,1968400C0,8,8,Neurology,1552180C0,10,10,Interventional,Radiology,(Integ),1968416A0,2,2,Neurology/Funded,1552180C1,2,2,Radiology-Diagnostic,1968420A0,10,10,Child,Neurology,1552185C0,1,1,Radiology-Diagnostic,1968420R0,2,2,Obstetrics-Gynecology,1552220C0,6,6,Radiation,Oncology,1968430A0,2,2,Orthopaedic,Surgery,1552260C0,7,7,General,Surgery,1968440C0,10,10,Ortho,Surgery/Research,1552260C2,1,1,General,Surgery/South,Pointe,1968440C1,2,2,Otolaryngology,1552280C0,4,4,Surgery-Preliminary,1968440P0,10,10,Pathology,1552300C0,6,6,Surg-Prelim/Int,Radiology,1968440P3,1,1,Pathology/AP,Research,1552300C2,0,0,Vascular,Surgery,1968451C0,3,3,Pathology/CP,Research,1552300C3,0,0,Thoracic,Surgery,1968461C0,3,3,Pediatrics,1552320C0,27,27,East,Liverpool,City,Hosp-OH,Psychiatry,1552400C0,9,9,Interventional,Radiology,(Integ),1552416C0,1,1,East,Liverpool,Code,Quota,Matched,Radiology-Diagnostic,1552420A0,8,8,Family,Medicine,2199120C0,4,4,Radiology-Diagnostic,1552420R0,1,1,Internal,Medicine,2199140C0,5,4,Radiation,Oncology,1552430A0,2,2,Fairfield,Med,Ctr-OH,General,Surgery,1552440C0,6,6,Surgery-Preliminary,1552440P0,10,6,Lancaster,Code,Quota,Matched,Vascular,Surgery,1552451C0,1,1,Family,Medicine/Osteopathic,2208120C0,5,1,Medicine-Pediatrics,1552700C0,4,4,Internal,Medicine,2208140C0,4,2,Pediatrics-Medical,Genetics,1552765C0,1,1,Results,and,Data,2024,Main,Residency,Match®,131
NRMP,Program,Results,2024,Main,Residency,Match®,Firelands,Regional,Med,Ctr-OH,General,Surgery,1580440C0,3,3,Transitional,1580999P0,4,4,Sandusky,Code,Quota,Matched,Transitional/Neurology,1580999P1,4,4,Family,Medicine,1984120C0,4,1,Mount,Carmel,Health,System-OH,Transitional,1984999P0,4,4,Grove,City,Code,Quota,Matched,Good,Samaritan,Hosp-Cinn-OH,Family,Medicine,1565120C0,7,3,Cincinnati,Code,Quota,Matched,Internal,Medicine,1565140C0,9,1,Internal,Medicine,1550140C0,10,10,Orthopaedic,Surgery,1565260C0,2,2,Ob-Gyn/GSH,Bethesda,1550220C0,8,8,General,Surgery,1565440C0,3,3,General,Surgery,1550440C0,4,4,Surgery-Preliminary,1565440P0,2,0,Surgery-Preliminary,1550440P0,1,1,Nationwide,Childrens,Hosp-OH,Vascular,Surgery,1550451C0,1,1,Columbus,Code,Quota,Matched,Jewish,Hospital-OH,Child,Neurology,1351185C0,5,5,Cincinnati,Code,Quota,Matched,Child,Neurology/Research,1351185C1,0,0,Internal,Medicine,1551140C0,12,12,Pediatrics,1351320C0,36,36,Medicine-Preliminary,1551140P0,7,3,Pediatrics/Research,1351320C2,2,2,Surgery-Preliminary,1551440P0,2,2,Pediatrics-Primary,1351320M0,4,4,Kettering,Health,Network-OH,Pediatrics-Medical,Genetics,1351765C0,0,0,Ohio,State,University,Med,Ctr,Kettering,Code,Quota,Matched,Anesthesiology/Grandview,1576040C0,3,3,Columbus,Code,Quota,Matched,Emergency,Med/Grandview,1576110C0,6,5,Anest/Clinical,Base,Year,1566040C0,20,20,Family,Medicine/Soin,1576120C0,8,8,Anesthesiology,1566040R1,6,6,Family,Med/Grandview,1576120C1,5,5,Dermatology,1566080A0,2,2,Family,Med/Soin,Rural,1576120C2,2,2,Dermatology,1566080C0,2,2,Internal,Medicine/Kettering,1576140C0,11,11,Emergency,Medicine,1566110C0,16,16,Internal,Med/Grandview,1576140C1,6,6,Family,Med/Rardin,FPC,1566120C0,9,9,Neurology/Grandview,1576180C0,3,3,Internal,Medicine,1566140C0,24,24,Ob-Gyn/Grandview,1576220C0,3,3,Internal,Medicine/Research,1566140C1,5,5,Ortho,Surgery/Grandview,1576260C0,4,4,Internal,Med/Intl,Scholars,1566140C4,2,2,Otolaryngology/Grandview,1576280C0,1,1,Medicine-Primary,1566140M0,4,4,Radiology-Diag/Grandview,1576420A0,2,2,Medicine-Primary/Geriatrics,1566140M1,0,0,General,Surgery/Grandview,1576440C0,3,3,Medicine-Preliminary,1566140P0,6,6,Transitional/Kettering,1576999P0,10,10,Neurological,Surgery,1566160C0,4,4,Transitional/Soin,1576999P1,5,5,Neurology,1566180C0,8,8,Trans/Soin/Ophthalmology,1576999P2,1,1,Obstetrics-Gynecology,1566220C0,11,11,Trans/Kettering/Ophthalmology,1576999P3,1,1,Orthopaedic,Surgery,1566260C0,6,6,Memorial,Health,System-OH,Otolaryngology,1566280C0,5,5,Pathology,1566300C0,4,4,Marietta,Code,Quota,Matched,Phys,Medicine,&,Rehab,1566340A0,4,4,Emergency,Medicine,1954110C0,6,5,Phys,Medicine,&,Rehab,1566340C0,2,2,Family,Medicine,1954120C0,4,3,Plastic,Surgery,(Integrated),1566362C0,4,4,Mercy,Health-Anderson,Hosp-OH,Psychiatry,1566400C0,16,16,Psychiatry/Research,1566400C1,0,0,Cincinnati,Code,Quota,Matched,Interventional,Radiology,(Integ),1566416A0,2,2,Family,Medicine,2302120C0,8,4,Radiology-Diagnostic,1566420A0,11,11,Mercy,Health-St,Ritas,Med,Ctr-OH,Radiation,Oncology,1566430A0,2,2,General,Surgery,1566440C0,7,7,Lima,Code,Quota,Matched,Surgery-Preliminary,1566440P0,5,3,Emergency,Medicine,2203110C0,6,6,Vascular,Surgery,1566451C0,1,1,Family,Medicine,2203120C0,6,6,Thoracic,Surgery,1566461C0,1,1,Internal,Medicine,2203140C0,12,12,Medicine-Pediatrics,1566700C0,10,10,Mercy,St,Vincent,Med,Ctr-OH,Medicine-Emergency,Med,1566705C0,2,2,OhioHealth-Doctors,Hosp,Toledo,Code,Quota,Matched,Emergency,Medicine,1580110C0,11,11,Columbus,Code,Quota,Matched,Family,Medicine,1580120C0,6,6,Anesthesiology,2122040C0,2,2,Family,Medicine/St,Lukes,1580120C1,6,3,Emergency,Medicine,2122110C0,8,8,Internal,Medicine,1580140C0,12,12,Family,Medicine/Osteopathic,2122120C0,6,6,Neurology,1580180A0,4,4,Internal,Medicine,2122140C0,8,5,Obstetrics-Gynecology,1580220C0,4,4,Obstetrics-Gynecology,2122220C0,6,6,Orthopaedic,Surgery,1580260C0,3,3,Orthopaedic,Surgery,2122260C0,5,5,Pediatrics,1580320C0,4,4,Otolaryngology,2122280C0,1,1,General,Surgery,2122440C0,4,4,Results,and,Data,2024,Main,Residency,Match®,132
NRMP,Program,Results,2024,Main,Residency,Match®,OhioHealth-Dublin,Methodist,Hosp,Med-Prelim/Radiology,1553140P2,2,2,Obstetrics-Gynecology,1553220C0,5,5,Dublin,Code,Quota,Matched,Pediatrics,1553320C0,8,8,Family,Medicine,2100120C0,6,6,Phys,Medicine,&,Rehab,1553340C0,6,6,OhioHealth-Grant,Med,Ctr,Psychiatry,1553400C0,8,8,Radiology-Diagnostic,1553420A0,5,5,Columbus,Code,Quota,Matched,General,Surgery,1553440C0,3,3,Family,Medicine,1564120C0,12,11,Surgery-Preliminary,1553440P0,3,1,OhioHealth-OBleness,Hosp,Medicine-Pediatrics,1553700C0,6,6,Trinity,Health,System-OH,Athens,Code,Quota,Matched,Family,Medicine,2221120C0,4,4,Steubenville,Code,Quota,Matched,OhioHealth-Riverside,Methodist,Emergency,Medicine,2308110C0,8,8,Internal,Medicine,2308140C0,10,10,Columbus,Code,Quota,Matched,U,Cincinnati,Med,Ctr-OH,Dermatology,1567080C0,2,2,Family,Medicine,1567120C0,6,6,Cincinnati,Code,Quota,Matched,Internal,Medicine,1567140C0,18,13,Anesthesiology,1548040C0,10,10,Medicine-Preliminary,1567140P0,4,4,Dermatology,1548080A0,3,3,Obstetrics-Gynecology,1567220C0,6,6,Emergency,Medicine,1548110C0,14,14,Psychiatry,1567400C0,3,3,Internal,Medicine,1548140C0,31,31,General,Surgery,1567440C0,5,5,Internal,Med/Clinical,Sci,1548140C1,2,2,Surgery-Preliminary,1567440P0,4,1,Medicine-Preliminary,1548140P0,3,3,Transitional,1567999P0,12,12,Med-Prelim/Ophthalmology,1548140P2,4,4,St,Elizabeth,Health,Ctr-Boardman-OH,Neurological,Surgery,1548160C0,2,2,Neurology,1548180C0,10,10,Boardman,Code,Quota,Matched,Obstetrics-Gynecology,1548220C0,7,7,Emergency,Medicine,1904110C0,9,9,Orthopaedic,Surgery,1548260C0,5,5,Family,Medicine,1904120C0,6,6,Otolaryngology,1548280C0,5,5,Otolaryngology,1904280C0,1,1,Pathology,1548300C0,3,3,St,Elizabeth,Youngstown,Hosp-OH,Phys,Medicine,&,Rehab,1548340C0,3,3,Plastic,Surgery,(Integrated),1548362C0,1,1,Youngstown,Code,Quota,Matched,Psychiatry,1548400C0,7,7,Family,Medicine,1584120C0,4,4,Interventional,Radiology,(Integ),1548416A0,1,1,Internal,Medicine,1584140C0,11,11,Radiology-Diagnostic,1548420A0,8,8,Orthopaedic,Surgery,1584260C0,3,3,Radiation,Oncology,1548430A0,2,2,General,Surgery,1584440C0,4,4,Radiation,Oncology,1548430R0,1,1,Transitional,1584999P0,4,2,General,Surgery,1548440C0,6,6,Summa,Health/NEOMED-OH,Surgery-Preliminary,1548440P1,1,1,Vascular,Surgery,1548451C0,1,1,Akron,Code,Quota,Matched,Thoracic,Surgery,1548461C0,1,1,Emergency,Medicine,1541110C0,8,8,Medicine-Pediatrics,1548700C0,7,7,Family,Medicine,1541120C0,7,6,Psychiatry-Family,Med,1548720C0,2,2,Family,Med/Barberton,Campus,1541120C1,5,5,Pediatrics-PM&R,1548735C0,1,1,Internal,Medicine,1541140C0,21,21,U,Cincinnati,West,Chester,Hosp-OH,Medicine-Preliminary,1541140P0,3,1,Obstetrics-Gynecology,1541220C0,7,7,West,"Chester,",Code,Quota,Matched,Orthopaedic,Surgery,1541260C0,4,4,Family,Medicine,2343120C0,6,5,Pathology,1541300C0,2,2,Univ,Hosps,Community,Consortium-OH,Psychiatry,1541400C0,5,5,General,Surgery,1541440C0,4,4,Westlake,Code,Quota,Matched,Transitional,1541999P0,10,10,Emergency,Medicine/SJMC,2189110C0,4,3,The,MetroHealth,Sys/Case,Western-OH,Family,Medicine/SJMC,2189120C0,4,4,Fam,Med/Osteo/Regionals,2189120C1,4,4,Cleveland,Code,Quota,Matched,Internal,Medicine/Parma,2189140C0,8,8,Anesthesiology,1553040A0,4,4,Internal,Medicine/Regionals,2189140C1,7,7,Anesthesiology,1553040C0,4,4,Internal,Medicine/SJMC,2189140C2,8,8,Dermatology,1553080A0,2,2,PMR/Osteopathic/Regionals,2189340C0,3,3,Emergency,Medicine,1553110C0,13,13,Transitional,2189999P0,10,10,Family,Medicine,1553120C0,9,9,University,of,Toledo-OH,Internal,Medicine,1553140C0,21,21,Internal,Med/Leadership,in,Med,Ed,1553140C5,2,2,Toledo,Code,Quota,Matched,Med-Primary/Vulnerable,Pop,1553140M1,2,2,Anesthesiology,1579040C0,4,4,Medicine-Preliminary,1553140P0,4,4,Emergency,Medicine,1579110C0,8,8,Med-Prelim/Anesthesiology,1553140P1,0,0,Family,Medicine,1579120C1,6,3,Results,and,Data,2024,Main,Residency,Match®,133
NRMP,Program,Results,2024,Main,Residency,Match®,University,of,Toledo-OH,(Continued),Family,Med/Cherokee,Nation,2171120C3,8,4,Internal,Medicine,2171140C1,5,1,Internal,Medicine,1579140C0,15,15,Obstetrics-Gynecology/Osteopathic,2171220C0,6,6,Medicine-Primary,1579140M0,4,4,Pediatrics/Osteopathic,2171320C0,10,6,Medicine-Preliminary,1579140P0,4,4,Pediatrics/Osteo-Tribal,2171320C1,3,1,Neurology,1579180C0,5,5,Psychiatry,2171400C0,8,8,Obstetrics-Gynecology,1579220C0,5,5,Oklahoma,State,U,Ctr,for,Health,Sci,Orthopaedic,Surgery,1579260C0,4,4,Pathology,1579300C0,2,2,Tulsa,Code,Quota,Matched,Pediatrics,1579320C0,10,6,Anesthesiology,2162040C0,3,3,Phys,Medicine,&,Rehab,1579340A0,3,3,Emergency,Med/Osteopathic,2162110C0,7,7,Psychiatry,1579400C0,4,4,Emergency,Med/Lawton,2162110C1,6,6,Psychiatry/Child-Adolescent,Trk,1579400C1,1,1,Emergency,Med/Norman,2162110C2,5,4,Radiology-Diagnostic,1579420A0,4,4,Family,Medicine/Lawton,2162120C2,5,4,General,Surgery,1579440C0,5,5,Family,Medicine/Durant,2162120C4,5,5,Surgery-Preliminary,1579440P0,5,1,Family,Medicine/McAlester,2162120C5,4,2,Western,Reserve,Health,Ed/NEOMED-OH,Internal,Medicine/Tulsa,2162140C0,13,13,Internal,Medicine/Stillwater,2162140C1,5,5,Warren,Code,Quota,Matched,Med-Prelim/Radiology,2162140P0,3,1,Internal,Medicine,1585140C0,12,12,Orthopaedic,Surgery,2162260C0,2,2,Medicine-Preliminary,1585140P0,2,1,Otolaryngology,2162280C0,2,2,General,Surgery,1585440C0,2,2,Psychiatry,2162400C0,8,8,Surgery-Preliminary,1585440P0,2,2,Radiology-Diagnostic,2162420A0,3,3,Western,Reserve,Hosp-OH,General,Surgery,2162440C0,3,3,Cuyahoga,Falls,Code,Quota,Matched,St,Anthony,Hospital-OK,Family,Medicine,2179120C0,2,1,Oklahoma,City,Code,Quota,Matched,Internal,Medicine,2179140C0,5,5,Family,Medicine,2087120C0,9,9,Orthopaedic,Surgery,2179260C0,2,2,Obstetrics-Gynecology,2087220C0,3,3,Otolaryngology,2179280C0,1,1,Transitional,2087999P0,6,6,General,Surgery,2179440C0,2,2,U,Oklahoma,COM-OK,City,Wright,State,Univ,Boonshoft,SOM-OH,Oklahoma,City,Code,Quota,Matched,Dayton,Code,Quota,Matched,Anesthesiology,1588040C0,12,12,Dermatology,2011080A0,2,2,Dermatology,1588080A0,4,4,Emergency,Medicine,2011110C0,8,8,Family,Medicine,1588120C0,13,13,Family,Medicine,2011120C0,10,6,Internal,Medicine,1588140C0,19,19,Family,Medicine/Rural,2011120C1,3,3,Medicine-Preliminary,1588140P0,2,2,Internal,Medicine,2011140C0,12,4,Neurological,Surgery,1588160C0,2,2,Neurology,2011180C0,4,4,Neurology,1588180C0,8,8,Obstetrics-Gynecology,2011220C0,3,3,Neurology,1588180R0,2,2,Orthopedic,Surgery,2011260C0,2,2,Nuclear,Medicine,1588200A0,1,1,Ortho,Surgery/Research,2011260C1,2,2,Obstetrics-Gynecology,1588220C0,7,7,Pediatrics,2011320C0,10,10,Orthopaedic,Surgery,1588260C0,7,7,Plastic,Surgery,(Integrated),2011362C0,2,2,Otolaryngology,1588280C0,3,3,Psychiatry,2011400C0,5,5,Pathology,1588300C0,3,3,General,Surgery,2011440C0,3,3,Pediatrics,1588320C0,24,24,Surgery-Preliminary,2011440P0,1,1,Psychiatry,1588400C0,6,6,OKLAHOMA,Radiology-Diagnostic,1588420A0,6,6,Radiation,Oncology,1588430A0,2,2,In,His,Image,Family,Med-OK,General,Surgery,1588440C0,6,6,Tulsa,Code,Quota,Matched,Medicine-Pediatrics,1588700C0,3,3,Family,Medicine,3192120C0,10,9,U,Oklahoma,COM-Tulsa,Integris,Health-OK,Tulsa,Code,Quota,Matched,Oklahoma,City,Code,Quota,Matched,Emergency,Medicine,2727110C0,9,9,Emergency,Medicine,1830110C0,8,8,Family,Medicine,2727120C0,8,8,Family,Medicine,1830120C0,5,5,Internal,Medicine,2727140C0,11,11,Radiology-Diagnostic,1830420A0,5,5,Medicine-Preliminary,2727140P0,2,2,Obstetrics-Gynecology,2727220C0,4,4,OMECO-OK,Pediatrics,2727320C0,8,8,Tulsa,Code,Quota,Matched,Psychiatry,2727400C0,5,5,Family,Medicine/Tulsa,2171120C0,14,14,General,Surgery,2727440C0,4,4,Family,Medicine/Talihina,2171120C1,5,3,Family,Medicine/Ada,2171120C2,4,1,Results,and,Data,2024,Main,Residency,Match®,134
NRMP,Program,Results,2024,Main,Residency,Match®,OREGON,General,Surgery,1715440C0,2,2,Surgery-Preliminary,1715440P0,2,0,Legacy,Emanuel/Good,Samaritan-OR,PENNSYLVANIA,Portland,Code,Quota,Matched,Abington,Mem,Hosp-PA,Internal,Medicine,1594140C0,18,18,Abington,Code,Quota,Matched,Oregon,Health,&,Science,Univ,Family,Medicine,1600120C0,7,7,Portland,Code,Quota,Matched,Internal,Medicine,1600140C0,20,20,Anesthesiology,1599040A0,2,2,Obstetrics-Gynecology,1600220C0,6,6,Anesthesiology,1599040C0,11,11,General,Surgery,1600440C0,5,5,Anesthesiology/Clin,Scientist,1599040C2,1,1,Surgery-Preliminary,1600440P0,4,4,Anesthesiology/CCM,1599040C3,2,2,Albert,Einstein,Healthcare,Network-PA,Dermatology,1599080A0,4,4,Derm/Academic,Medical,1599080A2,1,1,Philadelphia,Code,Quota,Matched,Emergency,Medicine,1599110C0,11,11,Emergency,Medicine,2206110C0,8,8,Family,Medicine,1599120C0,12,12,Family,Medicine,2206120C0,6,6,Fam,Med/Cascades,East,1599120C2,9,9,Internal,Med/Montgomery,2206140C0,15,15,Family,Medicine/Hillsboro,1599120C3,8,8,Radiology-Diagnostic,2206420A0,3,3,Family,Medicine,-,Three,Sisters,RTP1599120C4,3,1,Vascular,Surgery,2206451C0,1,1,Internal,Medicine,1599140C0,37,37,Transitional,2206999P0,12,8,Internal,Medicine/Hillsboro,1599140C1,8,8,Transitional/Radiology,2206999P1,2,2,Neurological,Surgery,1599160C0,3,3,Albert,Einstein,Med,Ctr-PA,Neurology,1599180C0,5,5,Child,Neurology,1599185C0,1,1,Philadelphia,Code,Quota,Matched,Obstetrics-Gynecology,1599220C0,8,8,Emergency,Medicine,1631110C0,9,9,Orthopaedic,Surgery,1599260C0,5,5,Family,Medicine,1631120C0,6,3,Otolaryngology,1599280C0,3,3,Internal,Medicine,1631140C0,30,30,Pathology,1599300C0,4,4,Medicine-Preliminary,1631140P0,13,13,Pediatrics,1599320C0,18,18,Med-Prelim/Neurology,1631140P1,4,4,Plastic,Surgery,(Integrated),1599362C0,3,3,Med-Prelim/Rad-Philadelphia,1631140P2,0,0,Psychiatry,1599400C0,8,8,Med-Prelim/PM&R,1631140P4,2,2,Interventional,Radiology,(Integ),1599416A0,2,2,Neurology,1631180A0,4,4,Radiology-Diagnostic,1599420A0,6,6,Obstetrics-Gynecology,1631220C0,5,5,General,Surgery,1599440C0,12,12,Orthopaedic,Surgery,1631260C0,3,3,Surgery-Preliminary,1599440P0,11,5,Phys,Medicine,&,Rehab,1631340A0,8,8,Surg-Prelim/Int,Radiology,1599440P4,0,0,Phys,Medicine,&,Rehab,1631340R0,1,0,Vascular,Surgery,1599451C0,1,1,Psychiatry,1631400C0,9,9,Transitional/Radiology,1599999P0,3,3,Interventional,Radiology,(Integ),1631416A0,2,2,Transitional,1599999P1,2,2,Radiology-Diagnostic,1631420A0,6,6,Transitional/Anesthesiology,1599999P2,1,1,General,Surgery,1631440C0,4,4,Providence,Health-OR,Surgery-Preliminary,1631440P0,4,4,Surg-Prelim/Int,Radiology,1631440P1,1,1,Portland,Code,Quota,Matched,Allegheny,Gen,Hosp-PA,Family,Medicine/Milwaukie,1827120C0,7,7,Family,Medicine/Hood,River,1827120C1,2,2,Pittsburgh,Code,Quota,Matched,Internal,Medicine/Portland,1827140C0,9,9,Anesthesiology,1648040A0,3,3,Internal,Medicine/St,Vincent,1827140C1,8,8,Anesthesiology,1648040C0,7,7,Med-Prelim/Portland,1827140P0,4,4,Emergency,Medicine,1648110C0,12,12,Med-Prelim/St,Vincent,1827140P1,4,4,Internal,Medicine,1648140C0,31,31,Roseburg,Family,Medicine-OR,Medicine-Preliminary,1648140P0,5,5,Med-Prelim/Neurology,1648140P1,5,5,Roseburg,Code,Quota,Matched,Neurological,Surgery,1648160C0,2,2,Family,Medicine,2190120C0,8,8,Neurology,1648180A0,5,5,Samaritan,Health,Services-Corvallis-OR,Orthopaedic,Surgery,1648260C0,5,5,Otolaryngology,1648280C0,1,1,Corvallis,Code,Quota,Matched,Pathology,1648300C0,3,3,Dermatology,1715080A0,2,2,Psychiatry,1648400C0,5,5,Dermatology,1715080R0,1,1,Interventional,Radiology,(Integ),1648416A0,1,1,Family,Medicine,1715120C0,7,7,Radiology-Diagnostic,1648420A0,6,6,Family,Medicine/RTT-Newport,1715120C1,3,3,Radiation,Oncology,1648430R0,1,1,Internal,Medicine,1715140C0,9,9,General,Surgery,1648440C0,7,7,Medicine-Preliminary,1715140P0,2,2,Surgery-Preliminary,1648440P0,4,2,Orthopaedic,Surgery,1715260C0,3,3,Vascular,Surgery,1648451C0,1,1,Psychiatry,1715400C0,4,4,Psychiatry/Child,Psych,1715400C1,0,0,Results,and,Data,2024,Main,Residency,Match®,135
NRMP,Program,Results,2024,Main,Residency,Match®,Bryn,Mawr,Hospital-PA,Family,Medicine/Lewistown,1608120C2,6,6,Internal,Medicine/Danville,1608140C0,17,17,Bryn,Mawr,Code,Quota,Matched,Internal,Medicine/Wilkes-Barre,1608140C1,15,15,Family,Medicine/Bryn,Mawr,FP,1606120C0,5,5,Neurological,Surgery,1608160C0,1,1,Family,Medicine/City,Line,1606120C1,2,2,Neurology,1608180C0,4,4,Childrens,Hosp-Philadelphia-PA,Neurology/Wilkes-Barre,1608180C1,4,4,Child,Neurology,1608185C0,2,2,Philadelphia,Code,Quota,Matched,Obstetrics-Gynecology,1608220C0,4,4,Child,Neurology,1863185C0,7,7,Orthopaedic,Surgery,1608260C0,4,4,Pediatrics,1863320C0,39,39,Ortho,Surgery/Wilkes-Barre,1608260C1,4,4,Pediatrics/Global,Health,1863320C1,2,2,Otolaryngology,1608280C0,2,2,Pediatrics/LEAP,1863320C2,4,4,Pathology,1608300C0,3,3,Peds-Prelim/Dermatology,1863320P0,1,0,Pediatrics,1608320C0,11,11,Pediatrics-Medical,Genetics,1863765C0,3,3,Phys,Medicine,&,Rehab,1608340C0,3,3,Clarion,Hospital-PA,Plastic,Surgery,(Integrated),1608362C0,1,1,Interventional,Radiology,(Integ),1608416A0,2,2,Clarion,Code,Quota,Matched,Radiology-Diagnostic,1608420A0,4,4,Family,Medicine,2164120C0,4,0,General,Surgery,1608440C0,5,5,Transitional,2164999P0,4,0,General,Surgery/Wilkes,Barre,1608440C1,5,5,Conemaugh,Memorial,Med,Ctr-PA,Surg-Prelim/Non-Designated,1608440P0,2,1,Vascular,Surgery,1608451C0,2,2,Johnstown,Code,Quota,Matched,Medicine-Pediatrics,1608700C0,5,5,Emergency,Medicine,1616110C0,8,8,Transitional,1608999P0,8,8,Family,Medicine,1616120C0,6,6,Guthrie/Robert,Packer,Hosp-PA,Internal,Medicine,1616140C0,7,7,Medicine-Preliminary,1616140P0,4,4,Sayre,Code,Quota,Matched,General,Surgery,1616440C0,3,3,Anesthesiology,1664040A0,3,3,Surgery-Preliminary,1616440P0,2,1,Emergency,Medicine,1664110C0,6,5,Cornerstone,Care,THC-PA,Family,Medicine,1664120C0,6,6,Internal,Medicine,1664140C0,12,12,Mount,Morris,Code,Quota,Matched,Orthopaedic,Surgery,1664260C0,3,3,Family,Medicine,2310120C0,4,4,General,Surgery,1664440C0,4,4,Crozer-Chester,Med,Ctr-PA,Surgery-Preliminary,1664440P0,3,3,Surg-Prelim/Anesthesiology,1664440P1,1,1,Upland,Code,Quota,Matched,Heritage,Valley,Beaver-PA,Emergency,Medicine,3185110C0,8,8,Family,Medicine,3185120C0,10,10,Beaver,Falls,Code,Quota,Matched,Internal,Medicine,3185140C0,8,8,Family,Medicine,2044120C0,6,3,Obstetrics-Gynecology,3185220C0,3,3,Hosp,of,the,Univ,of,PA,Psychiatry,3185400C0,4,4,Transitional,3185999P0,14,6,Philadelphia,Code,Quota,Matched,Delaware,Valley,Community,Health-PA,Anesthesiology,1628040A0,4,4,Anesthesiology,1628040C0,19,19,Philadelphia,Code,Quota,Matched,Anesthesiology/Dripps,Scholars,1628040C1,1,1,Family,Medicine,2382120C0,4,4,Dermatology/3,yr,1628080A0,4,4,Doylestown,Hospital-PA,Derm,Res,&,Cut,Onc,Fell/4,yr,1628080A1,1,1,Dermatology/Research,1628080A4,1,1,Doylestown,Code,Quota,Matched,Dermatology/Diversity,&,Comm,1628080A5,1,1,Family,Medicine,2355120C0,8,8,Dermatology/Pediatric,1628080A6,1,1,Transitional,2355999P0,8,8,Emergency,Medicine,1628110C0,14,14,Excela,Health,Latrobe,Hosp-PA,Family,Medicine,1628120C0,12,12,Internal,Medicine,1628140C0,45,45,Latrobe,Code,Quota,Matched,Int,Med/ABIM,Research,Pathway,1628140C1,6,6,Family,Medicine,2965120C0,8,7,Medicine-Primary,1628140M0,6,6,Forbes,Family,Medicine-PA,Neurological,Surgery,1628160C0,3,3,Neurology,1628180A0,4,4,Monroeville,Code,Quota,Matched,Neurology,1628180C0,10,10,Family,Medicine,3087120C0,8,8,Obstetrics-Gynecology,1628220C0,8,8,Geisinger,Health,System-PA,Ortho,Surgery/Clinical-5,yr,1628260C0,6,6,Ortho,Surgery/Research-6,yr,1628260C1,2,2,Danville,Code,Quota,Matched,Otolaryngology,1628280C0,5,5,Anesthesiology,1608040C0,6,6,Pathology-AP/CP,1628300C0,9,9,Dermatology,1608080A0,4,4,Pathology-AP/NP,1628300C1,1,1,Emergency,Medicine/Danville,1608110C0,9,9,Pathology-AP,Only,1628300C2,0,0,Family,Medicine/Wilkes-Barre,1608120C1,6,3,Pathology-CP,Only,1628300C3,2,2,Phys,Medicine,&,Rehab,1628340A0,2,2,Results,and,Data,2024,Main,Residency,Match®,136
NRMP,Program,Results,2024,Main,Residency,Match®,Hosp,of,the,Univ,of,PA,(Continued),Transitional/Neurology,1601999P1,5,5,Transitional/Dermatology,1601999P2,0,0,Phys,Medicine,&,Rehab,1628340C0,4,4,Lower,Bucks,Hosp-PA,Plastic,Surgery,(Integrated),1628362C0,4,4,Psychiatry,1628400C0,9,9,Bristol,Code,Quota,Matched,Psychiatry/Research,Trk,(EPSP),1628400C1,3,3,Family,Medicine,2229120C0,5,5,Interventional,Radiology,(Integ),1628416A0,4,4,Internal,Medicine,2229140C0,6,6,Radiology-Diag/Clin-4,yr,1628420A0,10,10,Meadville,Med,Ctr-PA,Radiology-Diag/Research-4,yr,1628420A1,3,3,Radiation,Oncology,1628430C0,5,5,Meadville,Code,Quota,Matched,General,Surgery,1628440C0,9,9,Family,Medicine,2446120C0,4,2,Surgery-Preliminary,1628440P0,10,9,Mercy,Catholic,Med,Ctr-PA,Vascular,Surgery,1628451C0,2,2,Thoracic,Surgery,1628461C0,2,2,Darby,Code,Quota,Matched,Medicine-Pediatrics,1628700C0,6,6,Internal,Medicine,1636140C0,22,22,Medicine-Dermatology,1628785C0,1,1,Medicine-Preliminary,1636140P0,6,6,Indiana,Regional,Med,Ctr,Radiology-Diagnostic,1636420C0,3,3,General,Surgery,1636440C0,2,2,Indiana,Code,Quota,Matched,Surgery-Preliminary,1636440P0,2,0,Family,Medicine,2322120C0,6,6,Transitional,1636999P0,9,9,Jefferson,Health-Northeast-PA,Nazareth,Hospital-PA,Philadelphia,Code,Quota,Matched,Philadelphia,Code,Quota,Matched,Emergency,Medicine,2103110C0,8,3,Emergency,Medicine,1932110C0,6,6,Family,Medicine,2103120C0,8,8,Internal,Medicine,1932140C0,13,13,Internal,Medicine,2103140C0,9,9,General,Surgery,1932440C0,2,2,Medicine-Emergency,Med,2103705C0,5,5,Surgery/Preliminary,1932440P0,2,0,Emergency,Med-Family,Med,2103795C0,2,2,Transitional,1932999P0,4,4,LECOM,Health-PA,Penn,Highlands,Healthcare-PA,Erie,Code,Quota,Matched,Dubois,Code,Quota,Matched,Family,Medicine,2031120C0,4,2,Family,Medicine,2226120C0,6,3,Psychiatry,2031400C0,5,5,Psychiatry,2226400C0,4,4,Transitional,2031999P0,4,4,Penn,State,Hershey,Med,Ctr-PA,Lancaster,Gen,Hosp-PA,Hershey,Code,Quota,Matched,Lancaster,Code,Quota,Matched,Anesthesiology,1617040C0,17,17,Family,Medicine,1618120C0,13,13,Dermatology,1617080A0,4,4,Lankenau,Med,Ctr-PA,Derm/Community,Health,1617080A2,1,1,Emergency,Medicine,1617110C0,11,11,Wynnewood,Code,Quota,Matched,Family,Medicine,1617120C0,8,8,Internal,Medicine,1632140C0,16,16,Family,Med/State,College,1617120C1,6,1,Medicine-Preliminary,1632140P0,16,16,Family,Med/St,Joseph,1617120C2,6,3,Obstetrics-Gynecology,1632220C0,4,4,Internal,Medicine,1617140C0,21,21,General,Surgery,1632440C0,4,4,Internal,Med/Research,1617140C1,1,1,Surgery-Preliminary,1632440P0,2,1,Medicine-Preliminary,1617140P0,7,7,Lehigh,Valley,Hosp-PA,Neurological,Surgery,1617160C0,3,3,Neurology,1617180C0,5,5,Allentown,Code,Quota,Matched,Obstetrics-Gynecology,1617220C0,5,5,Dermatology,1601080A0,2,2,Orthopaedic,Surgery,1617260C0,5,5,Emergency,Medicine,1601110C0,16,16,Otolaryngology,1617280C0,2,2,Family,Medicine/USF,1601120C0,8,8,Otolaryngology/Research,1617280C1,1,1,Family,Medicine/USF,Osteopathic,1601120C1,0,0,Pathology,1617300C0,4,4,Family,Medicine/Pottsville,1601120C2,4,4,Pediatrics,1617320C0,16,9,Internal,Medicine,1601140C0,18,18,Phys,Medicine,&,Rehab,1617340A0,4,4,Neurology,1601180A0,5,5,Phys,Medicine,&,Rehab,1617340R0,1,1,Neurology,1601180R0,1,1,Plastic,Surgery,(Integrated),1617362C0,2,2,Obstetrics-Gynecology,1601220C0,6,6,Psychiatry,1617400C0,5,5,Otolaryngology,1601280C0,1,1,Interventional,Radiology,(Integ),1617416A0,1,1,Pediatrics,1601320C0,8,1,Radiology-Diagnostic,1617420A0,6,6,Plastic,Surgery,(Integrated),1601362C0,1,1,General,Surgery,1617440C0,4,4,Psychiatry,1601400C0,6,6,Surgery-Preliminary,1617440P0,10,0,General,Surgery,1601440C0,6,6,Surg-Prelim/Int,Radiology,1617440P2,0,0,Surgery-Preliminary,1601440P1,2,1,Vascular,Surgery,1617451C0,1,1,Vascular,Surgery/Integrated,1601451C0,1,1,Medicine-Pediatrics,1617700C0,4,4,Transitional,1601999P0,11,11,Results,and,Data,2024,Main,Residency,Match®,137
NRMP,Program,Results,2024,Main,Residency,Match®,Pennsylvania,Hospital,TJU/Nemours,Childrens,Health-PA,Philadelphia,Code,Quota,Matched,Philadelphia,Code,Quota,Matched,Internal,Medicine,1639140C0,14,14,Child,Neurology,1654185C0,1,1,Medicine-Preliminary,1639140P0,10,10,Pediatrics,1654320C0,24,24,Med-Prelim/Neurology,HUP,1639140P1,4,4,Pediatrics-PM&R,1654735C0,2,2,Obstetrics-Gynecology,1639220C0,6,6,Temple,Univ,Hosp-PA,Pathology,1639300C0,1,1,Philadelphia,Code,Quota,Matched,Philadelphia,Coll,of,Osteo,Med-PA,Anesthesiology,1646040A0,2,2,Philadelphia,Code,Quota,Matched,Anesthesiology,1646040C0,8,8,Dermatology,2158080A0,1,1,Anesthesiology,1646040R0,2,2,Dermatology,2158080R0,1,1,Dermatology,1646080A0,3,3,Internal,Medicine,2158140C1,2,1,Emergency,Medicine,1646110C0,14,14,Internal,Medicine/Osteopathic,2158140C2,9,3,Family,Medicine,1646120C0,4,1,Orthopaedic,Surgery,2158260C0,4,4,Family,Med/Chestnut,Hill,1646120C1,6,3,Otolaryngology,2158280C0,3,3,Family,Med/Northwest,Community,1646120C2,7,7,General,Surgery,2158440C0,6,6,Internal,Medicine,1646140C0,40,40,St,Lukes,Hosp-Anderson-PA,Int,Med/Sabbath,Observed,1646140C2,0,0,Medicine-Primary,1646140M0,2,2,Easton,Code,Quota,Matched,Medicine-Preliminary,1646140P0,5,5,Dermatology,2176080A0,3,3,Neurological,Surgery,1646160C0,1,1,Dermatology,2176080R0,1,1,Neurology,1646180C0,6,6,Emergency,Medicine,2176110C0,10,10,Obstetrics-Gynecology,1646220C0,6,6,Family,Medicine,2176120C0,6,6,Ob-Gyn/Preliminary,1646220P0,1,1,Internal,Medicine,2176140C0,13,13,Orthopaedic,Surgery,1646260C0,4,4,Neurology,2176180C0,4,4,Otolaryngology,1646280C0,2,2,Otolaryngology,2176280C0,2,2,Pathology,1646300C0,5,5,Pediatrics,2176320C0,6,6,Phys,Medicine,&,Rehab,1646340A0,8,8,Psychiatry,2176400C0,6,6,Psychiatry,1646400C0,12,12,Interventional,Radiology,(Integ),2176416A0,1,1,Interventional,Radiology,(Integ),1646416A0,2,2,Radiology-Diagnostic,2176420A0,6,6,Radiology-Diagnostic,1646420A0,5,5,Transitional,2176999P0,6,5,General,Surgery,1646440C0,6,6,Transitional/Dermatology,2176999P1,2,2,Temple,Univ/Fox,Chase,Cancer,Ctr-PA,Transitional/Radiology,2176999P2,0,0,Transitional/Intervent,Rad,2176999P3,0,0,Philadelphia,Code,Quota,Matched,St,Lukes,Hosp-Bethlehem-PA,Radiation,Oncology,1638430A0,2,2,Thomas,Jefferson,Univ-PA,Bethlehem,Code,Quota,Matched,Emergency,Medicine,1605110C0,12,12,Philadelphia,Code,Quota,Matched,Family,Medicine,1605120C0,6,1,Anesthesiology,1630040A0,5,5,Family,Medicine/Rural,1605120C1,4,4,Anesthesiology,1630040C0,10,10,Internal,Medicine,1605140C0,12,12,Dermatology,1630080A0,4,4,Internal,Medicine/Cardiology,1605140C1,0,0,Emergency,Medicine,1630110C0,17,17,Obstetrics-Gynecology,1605220C0,6,6,Family,Medicine,1630120C0,10,10,Orthopaedic,Surgery,1605260C0,3,3,Internal,Medicine,1630140C0,33,33,Psychiatry/Rural,Program,1605400C0,2,2,Medicine-Primary,1630140M0,4,4,General,Surgery,1605440C0,5,5,Med-Prelim/Ophthalmology,1630140P2,8,8,Transitional,1605999P0,6,6,Neurological,Surgery,1630160C0,3,3,St,Mary,Med,Ctr-Langhorne-PA,Neurology,1630180C0,10,10,Obstetrics-Gynecology,1630220C0,5,5,Philadelphia,Code,Quota,Matched,Orthopaedic,Surgery,1630260C0,6,6,Internal,Medicine,2139140C0,12,12,Otolaryngology,1630280C0,5,5,St,Vincent,Hlth,Ctr-PA,Pathology,1630300C0,4,4,Phys,Medicine,&,Rehab,1630340A0,7,7,Erie,Code,Quota,Matched,Psychiatry,1630400C0,10,10,Emergency,Medicine,1612110C0,6,6,Interventional,Radiology,(Integ),1630416A0,2,2,Family,Medicine,1612120C0,6,5,Radiology-Diagnostic,1630420A0,8,8,Suburban,Community,Hosp-PA,Radiation,Oncology,1630430A0,2,1,Radiation,Oncology,1630430R0,1,0,East,Norriton,Code,Quota,Matched,General,Surgery,1630440C0,7,7,Family,Medicine/Osteopathic,1970120C0,5,5,Surgery-Preliminary,1630440P0,3,1,Internal,Medicine/Osteopathic,1970140C0,5,5,Surg-Prelim/Int,Radiology,1630440P1,2,1,Medi-Prelim/Osteopathic,1970140P0,4,4,Results,and,Data,2024,Main,Residency,Match®,138
NRMP,Program,Results,2024,Main,Residency,Match®,Tower,Health/Phoenixville,Hosp-PA,Family,Medicine/Horizon,1652120C0,6,6,Internal,Medicine,1652140C0,37,37,West,Reading,Code,Quota,Matched,Int,Med/Womens,Health,1652140C1,3,3,Internal,Medicine,2290140C0,10,10,Int,Med/Intl,Scholars,1652140C2,7,7,Psychiatry,2290400C0,8,8,Int,Med/Global,Health,1652140C3,4,4,Tower,Health/Reading,Hospital-PA,Int,Med/ABIM,Research,Path,1652140C4,1,1,Int,Med/Geriatrics,Integ,1652140C5,1,1,Reading,Code,Quota,Matched,Medicine-Preliminary,1652140P0,8,8,Anesthesiology,1661040C0,6,6,Neurological,Surgery,1652160C0,4,4,Emergency,Medicine,1661110C0,10,8,Neurology,1652180C0,9,9,Family,Medicine,1661120C0,8,8,Child,Neurology,1652185C0,4,4,Internal,Medicine,1661140C0,8,8,Child,Neurology,1652185R0,2,1,Internal,Medicine/Osteopathic,1661140C1,6,6,Neurodevelopmental,Disabilities,1652186C0,1,1,Medicine-Primary,1661140M0,1,1,Obstetrics-Gynecology,1652220C0,10,10,Neurology,1661180C0,6,6,Orthopaedic,Surgery,1652260C0,4,4,Obstetrics-Gynecology,1661220C0,5,5,Ortho,Surgery/Research,1652260C1,4,4,Phys,Medicine,&,Rehab,1661340C0,4,4,Otolaryngology,1652280C0,5,5,Psychiatry,1661400C0,8,8,Pathology,1652300C0,5,5,General,Surgery,1661440C0,4,4,Pediatrics,1652320C0,25,25,Tower,Health/St,Christophers,Hosp-PA,Peds/Scientist,Development,1652320C2,4,4,Pediatrics-Primary,1652320M0,2,2,Philadelphia,Code,Quota,Matched,Phys,Medicine,&,Rehab,1652340A0,4,4,Pediatrics,1653320C0,24,24,Phys,Medicine,&,Rehab,1652340C0,5,5,UPMC,Altoona,Hospital-PA,Plastic,Surgery,(Integrated),1652362C0,3,3,Psychiatry/General,1652400C0,9,9,Altoona,Code,Quota,Matched,Psychiatry/General/Child,1652400C1,4,4,Family,Medicine,1603120C0,8,8,Interventional,Radiology,(Integ),1652416A0,2,2,Transitional,1603999P0,4,4,Radiology-Diagnostic,1652420A0,10,10,UPMC,Hamot,Med,Ctr-PA,Radiation,Oncology,1652430A0,2,2,General,Surgery,1652440C0,8,8,Erie,Code,Quota,Matched,General,Surgery/Horizon,1652440C1,2,2,Emergency,Medicine,1611110C0,6,5,Vascular,Surgery,1652451C0,2,2,Neurology,1611180C0,3,3,Thoracic,Surgery,1652461C0,0,0,Orthopaedic,Surgery,1611260C0,3,3,Cardiothoracic,Surgery,1652461C1,2,2,Otolaryngology,1611280C0,1,1,Medicine-Pediatrics,1652700C0,4,4,UPMC,Harrisburg-PA,Psych-Fam,Med/McKeesport,1652720C2,1,1,Psych-Fam,Med/St,Margaret,1652720C3,1,1,Harrisburg,Code,Quota,Matched,Pediatrics-Anesthesiology,1652726C0,1,1,Emergency,Medicine,1615110C0,6,6,Peds/Psych/Child,Psych,1652730C0,2,2,Family,Medicine/Osteopathic,1615120C0,4,2,Transitional,1652999P0,3,3,Internal,Medicine,1615140C0,15,15,Transitional/Radiology,1652999P2,1,1,Internal,Medicine/Osteopathic,1615140C1,6,6,Transitional/PM&R,1652999P3,1,1,Obstetrics-Gynecology,1615220C0,4,4,Transitional/Ophthalmology,1652999P4,5,5,Orthopaedic,Surgery,1615260C0,5,5,UPMC,Mercy,Hospital-PA,Surgery-General,1615440C2,6,6,Pittsburgh,Code,Quota,Matched,UPMC,Lititz-PA,Internal,Medicine,1649140C0,21,21,Lititz,Code,Quota,Matched,General,Surgery,1649440C0,4,4,Anesthesiology/Osteopathic,2173040C0,2,2,Surgery-Preliminary,1649440P0,5,2,Family,Medicine/Osteopathic,2173120C0,2,1,UPMC,Presbyterian,Shadyside-PA,Internal,Medicine/Osteopathic,2173140C0,3,0,Pittsburgh,Code,Quota,Matched,UPMC,McKeesport-PA,Family,Medicine,1657120C0,7,7,Mckeesport,Code,Quota,Matched,Family,Medicine/Osteopathic,1657120C1,4,4,Family,Medicine,1620120C0,7,7,UPMC,St,Margaret-PA,Internal,Medicine,1620140C0,13,13,Pittsburgh,Code,Quota,Matched,UPMC,Medical,Education-PA,Family,Medicine,1656120C0,13,13,Pittsburgh,Code,Quota,Matched,UPMC,Williamsport-PA,Anesthesiology,1652040A0,2,2,Anesthesiology,1652040C0,15,15,Williamsport,Code,Quota,Matched,Anesthesiology/Research,1652040C1,3,3,Family,Medicine,2336120C0,7,7,Anesthesiology,1652040R0,1,1,Family,Medicine,-,Rural,Cole,2336120C1,1,1,Dermatology,1652080A0,6,6,Family,Medicine,-,Rural,Wellsboro,2336120C2,1,0,Emergency,Medicine,1652110C0,16,16,Results,and,Data,2024,Main,Residency,Match®,139
NRMP,Program,Results,2024,Main,Residency,Match®,Washington,Hospital-PA,Univ,of,Puerto,Rico,Washington,Code,Quota,Matched,San,Juan,Code,Quota,Matched,Family,Medicine,1669120C0,8,5,Anesthesiology,1116040C0,4,4,Wellspan,Health,Good,Sam,Hosp-PA,Dermatology,1116080A0,2,2,Emergency,Medicine,1116110C0,10,10,York,Code,Quota,Matched,Family,Medicine,1116120C0,8,8,Family,Medicine,2181120C0,7,7,Internal,Medicine,1116140C0,16,16,Wellspan,Health,York,Hosp-PA,Medicine-Preliminary,1116140P0,2,1,Neurology,1116180C0,3,3,York,Code,Quota,Matched,Child,Neurology,1116185C0,1,1,Emergency,Medicine,1674110C0,13,13,Obstetrics-Gynecology,1116220C0,5,5,Family,Medicine,1674120C0,8,8,Orthopaedic,Surgery,1116260C0,4,4,Internal,Medicine,1674140C0,12,12,Otolaryngology,1116280C0,2,2,Obstetrics-Gynecology,1674220C0,5,5,Pathology,1116300C0,2,2,Ortho,Surgery/Osteopathic,1674260C0,3,3,Pediatrics,1116320C0,13,13,General,Surgery,1674440C0,5,5,Phys,Medicine,&,Rehab,1116340C0,3,3,Surgery-Preliminary,1674440P0,1,1,Psychiatry,1116400C0,6,6,Western,Pennsylvania,Hosp,Radiology-Diagnostic,1116420A0,4,4,General,Surgery,1116440C0,5,5,Pittsburgh,Code,Quota,Matched,Surgery-Preliminary,1116440P0,6,4,Obstetrics-Gynecology,1659220C0,6,6,Medicine-Pediatrics,1116700C0,2,2,Wright,Center,for,GME-PA,Transitional,1116999P0,4,4,RHODE,ISLAND,Scranton,Code,Quota,Matched,Brown,Univ/Butler,Hospital-RI,Family,Medicine,3056120C0,13,13,Medicine-Primary,3056140M0,33,33,Providence,Code,Quota,Matched,Phys,Medicine,&,Rehab,3056340C0,5,5,Psychiatry,3170400C0,10,10,PUERTO,RICO,Brown,Univ/Kent,Hospital,Damas,Hospital-PR,Warwick,Code,Quota,Matched,Ponce,Code,Quota,Matched,Family,Medicine/Pawtucket,2270120C0,12,12,Internal,Medicine,2039140C0,7,7,Family,Medicine/Warwick,2270120C1,4,4,Transitional,2039999P0,12,12,Internal,Medicine,2270140C0,13,13,Hosp,Episcopal,San,Lucas-PR,Brown,Univ/Rhode,Island,Hosp,Ponce,Code,Quota,Matched,Providence,Code,Quota,Matched,Emergency,Medicine,2101110C0,7,4,Anesthesiology,1677040A0,20,20,Internal,Medicine,2101140C0,8,8,Dermatology,1677080A0,4,4,Obstetrics-Gynecology,2101220C0,5,5,Emergency,Medicine,1677110C0,14,14,Pediatrics,2101320C0,7,4,Internal,Medicine,1677140C0,29,29,General,Surgery,2101440C0,4,4,Medicine-Primary,1677140M0,10,10,Surgery-Preliminary,2101440P0,1,1,Medicine-Preliminary,1677140P0,2,2,Transitional,2101999P0,13,13,Med-Prelim/Neurology,1677140P1,7,7,Hospital,de,la,Concepcion-PR,Med-Prelim/Anesthesiology,1677140P2,2,2,Neurological,Surgery,1677160C0,2,2,San,German,Code,Quota,Matched,Neurology,1677180A0,7,7,Internal,Medicine,1202140C0,7,7,Neurology,1677180R2,1,1,Ponce,Health,Sciences,Univ,SOM-PR,Orthopaedic,Surgery,1677260C0,6,6,Pathology,1677300C0,4,4,Ponce,Code,Quota,Matched,Pediatrics,1677320C0,16,16,Psychiatry,1433400C0,6,6,Plastic,Surgery,(Integrated),1677362C0,2,2,San,Juan,VA,Med,Ctr-PR,Interventional,Radiology,(Integ),1677416A0,2,2,Radiology-Diagnostic,1677420A0,6,6,San,Juan,Code,Quota,Matched,General,Surgery,1677440C0,7,7,Internal,Medicine,3012140C0,21,21,Surgery-Preliminary,1677440P0,6,1,Medicine-Preliminary,3012140P0,7,7,Medicine-Pediatrics,1677700C0,4,4,Phys,Medicine,&,Rehab,3012340C0,3,3,Peds/Psych/Child,Psych,1677730C0,3,3,Univ,Central,del,Caribe,SOM-PR,Brown,Univ/Women,&,Infants,Hosp,of,RI,Bayamon,Code,Quota,Matched,Providence,Code,Quota,Matched,Internal,Medicine,1775140C0,13,13,Obstetrics-Gynecology,2793220C0,8,8,Medicine-Preliminary,1775140P0,9,7,Results,and,Data,2024,Main,Residency,Match®,140
NRMP,Program,Results,2024,Main,Residency,Match®,Kent,Hospital-RI,Child,Neurology,1680185C0,1,1,Obstetrics-Gynecology,1680220C0,6,6,Warwick,Code,Quota,Matched,Orthopaedic,Surgery,1680260C0,5,5,Emergency,Medicine,1936110C0,8,8,Otolaryngology,1680280C0,4,4,NYMC-Landmark,Med,Ctr-RI,Pathology,1680300C0,5,5,Pediatrics,1680320C0,15,15,Woonsocket,Code,Quota,Matched,Pediatrics/AMP,1680320C1,1,1,Internal,Medicine,2307140C0,12,12,Pediatrics-Primary,1680320M0,3,3,Medicine-Preliminary,2307140P0,5,2,Plastic,Surgery,(Integrated),1680362C0,2,2,Roger,Williams,Med,Ctr-RI,Psychiatry,1680400C0,14,14,Interventional,Radiology,(Integ),1680416A0,2,2,Providence,Code,Quota,Matched,Radiology-Diagnostic,1680420A0,11,11,Internal,Medicine,1678140C0,14,14,Radiation,Oncology,1680430A0,2,2,Med-Prelim/Brown,Anesthesiology,1678140P0,4,4,General,Surgery,1680440C0,8,8,Medicine-Preliminary,1678140P1,2,2,Surgery-Preliminary,1680440P0,11,5,SOUTH,CAROLINA,Surg-Prelim/Int,Radiology,1680440P1,2,2,Vascular,Surgery,1680451C0,1,1,Aiken,Regional,Med,Ctrs-SC,Vascular,Surgery/Research,1680451C1,1,1,Aiken,Code,Quota,Matched,Thoracic,Surgery,1680461C0,2,2,Medicine-Pediatrics,1680700C0,4,4,Family,Medicine,2321120C0,6,6,Medicine-Psychiatry,1680715C0,2,2,Internal,Medicine,2321140C0,10,10,Psychiatry-Neurology,1680755C0,1,1,AnMed,Health-SC,Transitional,1680999P0,4,4,Anderson,Code,Quota,Matched,Transitional/Ophthalmology,1680999P1,2,2,Family,Medicine,3017120C0,12,12,Prisma,Health-U,of,SC,SOM,Columbia,Grand,Strand,Reg,Med,Ctr-SC,Columbia,Code,Quota,Matched,Myrtle,Beach,Code,Quota,Matched,Emergency,Medicine,1681110C0,13,13,Family,Medicine/Columbia,1681120C0,10,10,Anesthesiology,1761040C0,6,6,Family,Medicine/Sumter,1681120C1,4,2,Emergency,Medicine,1761110C0,12,9,Family,Med/Winnsboro,Rural,1681120C2,1,0,Family,Medicine,1761120C0,6,2,Internal,Medicine,1681140C0,11,11,Internal,Medicine,1761140C0,13,13,Medicine-Primary,1681140M0,3,3,General,Surgery,1761440C0,3,3,Medicine-Preliminary,1681140P0,3,3,Transitional,1761999P0,12,12,Neurology,1681180C0,6,6,Lexington,Med,Ctr-SC,Obstetrics-Gynecology,1681220C0,5,5,West,Columbia,Code,Quota,Matched,Orthopaedic,Surgery,1681260C0,4,4,Pediatrics,1681320C0,13,7,Family,Medicine,2341120C0,13,2,Plastic,Surgery,(Integrated),1681362C0,1,1,Transitional,2341999P0,13,8,Psychiatry,1681400C0,8,8,McLeod,Reg,Med,Ctr-SC,General,Surgery,1681440C0,4,4,Florence,Code,Quota,Matched,Surgery-Preliminary,1681440P0,2,0,Family,Med/Urban,Florence,2032120C0,9,9,Prisma,Health-U,of,SC,SOM,Greenville,Family,Med/Rural,Cheraw,2032120C1,4,2,Greenville,Code,Quota,Matched,Family,Med/Rural,Clarendon,2032120C2,4,3,Emergency,Medicine,1683110C0,10,10,Med,Univ,of,SC,Regional,Network,Family,Medicine/Greenville,1683120C0,6,6,Charleston,Code,Quota,Matched,Family,Medicine/Seneca,1683120C2,6,6,Family,Medicine/Greer,1683120C3,6,6,Internal,Medicine,2398140C0,8,8,Internal,Medicine,1683140C0,13,13,Medical,University,of,SC,Neurology,1683180C0,6,6,Charleston,Code,Quota,Matched,Obstetrics-Gynecology,1683220C0,7,7,Orthopaedic,Surgery,1683260C0,4,4,Anesthesiology,1680040C0,18,18,Pediatrics,1683320C0,11,11,Dermatology,1680080A0,4,4,Psychiatry,1683400C0,5,5,Dermatology/International,1680080C0,1,1,Psychiatry/Greer,1683400C1,8,8,Dermatology,1680080R0,1,1,General,Surgery,1683440C0,6,6,Emergency,Medicine,1680110C0,10,10,Surgery-Preliminary,1683440P0,4,1,Family,Medicine,1680120C1,10,7,Medicine-Pediatrics,1683700C0,5,5,Internal,Medicine,1680140C0,24,24,Internal,Medicine/PSTP,1680140C1,0,0,Self,Regional,Healthcare-SC,Internal,Medicine/COM,AMP,1680140C2,2,2,Greenwood,Code,Quota,Matched,Medicine-Preliminary,1680140P0,2,2,Family,Medicine,2033120C0,10,10,Med-Prelim/Ophthalmology,1680140P1,2,2,Neurological,Surgery,1680160C0,2,2,Neurology,1680180C0,8,8,Results,and,Data,2024,Main,Residency,Match®,141
NRMP,Program,Results,2024,Main,Residency,Match®,Spartanburg,Reg,Healthcare-SC,Surgery-Preliminary,2066440P0,3,2,HCA,Healthcare/TriStar,Nashville-TN,Spartanburg,Code,Quota,Matched,Family,Medicine,1685120C0,12,9,Brentwood,Code,Quota,Matched,General,Surgery,1685440C0,3,3,Emergency,Medicine,2252110C0,12,12,Surgery-Preliminary,1685440P0,3,0,Family,Medicine,2252120C1,8,3,Transitional,1685999P0,6,6,Internal,Medicine,2252140C0,10,3,Summerville,Med,Ctr-SC,Neurology,2252180A0,4,4,Phys,Medicine,&,Rehab,2252340A0,4,2,Summerville,Code,Quota,Matched,Phys,Medicine,&,Rehab,2252340R0,4,3,Family,Medicine,2329120C0,6,6,Psychiatry,2252400C0,8,8,Obstetrics-Gynecology,2329220C0,3,3,Transitional,2252999P0,9,9,Tidelands,Health-SC,Transitional/Neurology,2252999P1,4,4,Health,Education,Services-TN,Myrtle,Beach,Code,Quota,Matched,Family,Medicine,1979120C0,8,8,Franklin,Code,Quota,Matched,Trident,Medical,Center-SC,Dermatology/Lake,Granbury,2335080A0,3,3,Dermatology/Lake,Granbury,2335080R0,3,3,Charleston,Code,Quota,Matched,Emer,Med/Merit,Health,Wesley,2335110C0,8,8,Emergency,Medicine,2056110C0,10,10,Family,Medicine/Gadsden,2335120C0,8,8,Internal,Medicine,2056140C0,10,4,Family,Medicine/South,Baldwin,2335120C2,10,10,General,Surgery,2056440C0,4,4,Family,Medicine/Valparaiso,2335120C3,6,5,Surgery-Preliminary,2056440P0,4,0,Family,Medicine/Crestwood,2335120C4,8,8,SOUTH,DAKOTA,Int,Med/Merit,Health,Wesley,2335140C0,10,10,Internal,Medicine/Poplar,Bluff,2335140C1,6,6,Center,for,Family,Medicine-SD,Internal,Medicine/Tucson,2335140C2,13,13,Sioux,Falls,Code,Quota,Matched,Internal,Med/Mountain,View,2335140C3,9,9,Internal,Medicine/Crestwood,2335140C4,12,12,Family,Medicine,2979120C0,9,9,Internal,Med/North,Knoxville,2335140C5,13,13,Family,Medicine/Pierre,2979120C1,2,2,Internal,Medicine/Porter,2335140C6,13,13,Rapid,City,Hospital-SD,ONMM/Mountain,View,2335275C1,2,0,Rapid,City,Code,Quota,Matched,ONMM/Lake,Granbury,3,yr,2335275C2,4,1,ONMM/Lake,Granbury,2,yr,2335275R0,2,1,Family,Medicine,1177120C0,8,8,ONMM/Lake,Granbury,1,yr,2335275R1,2,1,Univ,of,South,Dakota,SSOM,Trans/Merit,Health,Wesley,2335999P0,12,1,Sioux,Falls,Code,Quota,Matched,Transitional/Tucson,2335999P1,13,9,Transitional/Mountain,View,2335999P2,9,9,Internal,Medicine,2805140C0,9,9,Neurology,2805180C0,3,3,Meharry/Metro,General,Hosp-TN,Pathology,2805300C0,3,3,Nashville,Code,Quota,Matched,Pediatrics,2805320C0,6,6,Family,Medicine,1028120C0,6,1,Psychiatry,2805400C0,7,7,Internal,Medicine,1028140C0,15,2,General,Surgery,2805440C0,4,4,Medicine-Preliminary,1028140P0,3,1,Transitional,2805999P0,6,6,Obstetrics-Gynecology,1028220C0,3,3,TENNESSEE,Psychiatry,1028400C0,4,4,Baptist,Mem,Med,Education-TN,Methodist,Healthcare,Memphis,Hosps-TN,Memphis,Code,Quota,Matched,Memphis,Code,Quota,Matched,Family,Medicine,1694120C0,6,6,Internal,Medicine,2330140C0,6,0,Obstetrics-Gynecology,1694220C0,4,4,Methodist,Med,Ctr,of,Oak,Ridge-TN,Radiology-Diagnostic,1694420A0,6,6,General,Surgery,1694440C0,3,3,Oak,Ridge,Code,Quota,Matched,East,Tennessee,St,Univ,Family,Medicine,2384120C0,8,2,Johnson,City,Code,Quota,Matched,U,Tennessee,COM-Chattanooga,Family,Med/Johnson,City,2066120C1,6,6,Chattanooga,Code,Quota,Matched,Family,Med/Bristol,2066120C2,8,7,Emergency,Medicine,1689110C0,7,7,Family,Med/Kingsport,2066120C3,6,4,Family,Medicine,1689120C0,7,4,Internal,Medicine,2066140C0,13,9,Internal,Medicine,1689140C0,11,6,Medicine-Preliminary,2066140P0,4,1,Neurology,1689180C0,3,3,Obstetrics-Gynecology,2066220C0,3,3,Obstetrics-Gynecology,1689220C0,4,4,Orthopaedic,Surgery,2066260C0,2,2,Orthopaedic,Surgery,1689260C0,3,3,Pathology,2066300C0,2,2,Pediatrics,1689320C0,10,10,Pediatrics,2066320C0,8,3,General,Surgery,1689440C0,5,5,Psychiatry,2066400C0,7,7,Surgery-Preliminary,1689440P0,4,0,General,Surgery,2066440C0,5,5,Results,and,Data,2024,Main,Residency,Match®,142
NRMP,Program,Results,2024,Main,Residency,Match®,U,Tennessee,Grad,SOM-Knoxville,Otolaryngology,1702280C0,5,5,Otolaryngology/Research,1702280C1,1,1,Knoxville,Code,Quota,Matched,Pathology,1702300C0,8,8,Anesthesiology,1839040C0,10,10,Pathology-AP/NP,1702300C2,1,1,Family,Medicine,1839120C0,9,4,Pediatrics,1702320C0,28,28,Internal,Medicine,1839140C0,12,12,Phys,Medicine,&,Rehab,1702340C0,4,4,Obstetrics-Gynecology,1839220C0,5,5,Plastic,Surgery,(Integrated),1702362C0,2,2,Pathology,1839300C0,3,3,Psychiatry,1702400C0,7,7,Radiology-Diagnostic,1839420A0,6,6,Psychiatry/Child,Fast,Track,1702400C1,3,3,General,Surgery,1839440C0,6,6,Psychiatry/Research,1702400C2,0,0,Surgery-Preliminary,1839440P0,7,3,Interventional,Radiology,(Integ),1702416A0,3,3,Transitional,1839999P0,2,2,Radiology-Diagnostic,1702420A0,6,6,Transitional/Radiology,1839999P2,4,2,Radiation,Oncology,1702430A0,3,3,U,Tennessee,Health,Sci,Ctr-Memphis,General,Surgery,1702440C0,8,8,Surgery-Preliminary,1702440P0,14,3,Memphis,Code,Quota,Matched,Surg-Prelim/Int,Radiology,1702440P1,2,2,Anesthesiology,1844040C0,3,3,Surg-Prelim/Ophthalmology,1702440P2,5,5,Anesthesiology,1844040R0,1,1,Medicine-Pediatrics,1702700C0,6,6,Dermatology,1844080A0,4,4,Pediatrics-Medical,Genetics,1702765C0,1,0,Emergency,Medicine,1844110C0,7,7,TEXAS,Family,Med/St,Francis,1844120C0,7,4,Baptist,Hosps,of,Southeast,Texas,Family,Med/Jackson,1844120C1,12,9,Family,Medicine/Rural,1844120C4,2,1,Beaumont,Code,Quota,Matched,Internal,Medicine,1844140C0,20,20,Internal,Medicine,2312140C0,13,13,Medicine-Preliminary,1844140P0,11,5,Psychiatry,2312400C0,5,5,Med-Prelim/Neurology-GME,1844140P1,6,6,Baylor,Coll,Med-Houston-TX,Med-Prelim/Radiology,1844140P2,1,1,Med-Prelim/Dermatology,1844140P4,1,1,Houston,Code,Quota,Matched,Neurological,Surgery,1844160C0,3,3,Anesthesiology,1716040A0,3,3,Neurology,1844180A0,7,7,Anesthesiology,1716040C0,14,14,Child,Neurology,1844185C0,2,2,Anesthesiology,1716040R0,3,3,Obstetrics-Gynecology,1844220C0,8,8,Dermatology,1716080A0,4,4,Orthopaedic,Surgery,1844260C0,8,8,Dermatology,1716080R0,1,1,Otolaryngology,1844280C0,4,4,Emergency,Medicine,1716110C0,14,14,Pathology,1844300C0,3,3,Emergency,Medicine/SACM,1716110C1,1,0,Pediatrics,1844320C0,23,11,Family,Med/Comm,Hlth,Ctr,1716120C0,8,8,Psychiatry,1844400C0,6,6,Family,Med/St,Lukes,Lufkin,1716120C6,3,3,Radiology-Diagostic,1844420A1,4,4,Internal,Medicine,1716140C0,48,48,General,Surgery,1844440C0,8,8,Internal,Medicine/Research,1716140C1,2,2,Surgery-Preliminary,1844440P0,5,0,Internal,Medicine/MDACC,1716140C2,5,5,Medicine-Pediatrics,1844700C0,12,12,Medicine-Preliminary,1716140P0,5,5,UT,Ascension,St,Thomas-TN,Med-Prelim/Ophthalmology,1716140P1,6,6,Med-Prelim/PM&R,1716140P2,2,2,Nashville,Code,Quota,Matched,Med-Prelim/Dermatology,1716140P3,1,1,Emergency,Med/Murfreesboro,1699110C0,8,8,Neurological,Surgery,1716160C0,3,3,Family,Med/Murfreesboro,1699120C0,8,8,Neurology,1716180C0,10,10,Family,Medicine,-,Rural,Track,1699120C1,1,0,Child,Neurology/Neuroscience,1716185C0,2,1,Internal,Med/Midtown,1699140C0,8,8,Child,Neurology,1716185C1,3,3,Med-Prelim/Midtown,1699140P0,1,1,Neurodevelopmental,Disabilities,1716186C0,2,2,Med-Prelim-Neurology/Midtown,1699140P1,1,1,Obstetrics-Gynecology,1716220C0,12,12,Obstetrics-Gynecology/Midtown,1699220C0,3,3,Orthopaedic,Surgery,1716260C0,6,6,General,Surgery/West,1699440C0,3,3,Otolaryngology,1716280C0,5,5,Vanderbilt,Univ,Med,Ctr-TN,Pathology,1716300C0,10,10,Pediatrics,1716320C0,41,41,Nashville,Code,Quota,Matched,Pediatrics/Global,Health,1716320C1,0,0,Anesthesiology,1702040C0,21,21,Pediatrics/San,Antonio,1716320C2,13,13,Dermatology,1702080A0,5,5,Peds/Scientist,Development,Prog,1716320C3,1,1,Emergency,Medicine,1702110C0,13,13,Peds/PC,Leadership,Prog,1716320C4,4,4,Internal,Medicine,1702140C0,47,47,Phys,Medicine,&,Rehab,1716340A0,8,8,Int,Med/ABIM,Research,Path,1702140C1,4,4,Phy,Medicine,&,Rehab,1716340R0,1,1,Medicine-Preliminary,1702140P0,2,2,Plastic,Surgery,(Integrated),1716362C0,3,3,Neurological,Surgery,1702160C0,3,3,Psychiatry,1716400C0,13,13,Neurology,1702180C0,7,7,Psychiatry/Research,1716400C1,1,1,Child,Neurology,1702185C0,4,4,Radiology-Diagnostic,1716420A0,8,8,Obstetrics-Gynecology,1702220C0,6,6,Radiology-Diagnostic/ESIR,1716420A1,4,4,Orthopaedic,Surgery,1702260C0,6,6,Results,and,Data,2024,Main,Residency,Match®,143
NRMP,Program,Results,2024,Main,Residency,Match®,Baylor,Coll,Med-Houston-TX,(Continued),General,Surgery,1706440C0,9,9,Surgery-Preliminary,1706440P0,4,2,Radiation,Oncology,1716430A0,2,2,CHRISTUS,Health-TX,General,Surgery,1716440C0,4,4,General,Surgery/Academic,1716440C1,4,4,Irving,Code,Quota,Matched,General,Surgery/Global,1716440C2,1,1,Emergency,Medicine/Spohn,2116110C0,12,12,General,Surgery/Innovation,1716440C3,1,1,Family,Medicine/Spohn,2116120C0,14,12,Surgery-Preliminary,1716440P0,17,1,Family,Med/Santa,Rosa,2116120C1,10,9,Vascular,Surgery,1716451C0,1,1,Internal,Medicine/GSMC,2116140C0,13,13,Thoracic,Surgery,1716461C0,1,1,Conroe,Reg,Med,Ctr-TX,Medicine-Pediatrics,1716700C0,9,9,Pediatrics-Medical,Genetics,1716765C0,2,2,Conroe,Code,Quota,Matched,Medicine-Medical,Genetics,1716766C0,1,1,Family,Medicine,1502120C0,12,12,Baylor,S&W,All,Saints,Med,Ctr-TX,DeTar,Healthcare,System-TX,Fort,Worth,Code,Quota,Matched,Victoria,Code,Quota,Matched,Anesthesiology,2259040C0,4,4,Family,Medicine,1797120C0,8,7,Emergency,Medicine,2259110C0,6,6,Doctors,Hospital,at,Renaissance-TX,Internal,Medicine,2259140C0,15,15,Obstetrics-Gynecology,2259220C0,6,6,Edinburg,Code,Quota,Matched,General,Surgery,2259440C0,3,3,Emergency,Medicine,2353110C0,6,6,Transitional,2259999P0,17,17,Family,Medicine,2353120C0,4,4,Transitional/PM&R,2259999P1,3,3,Internal,Medicine,2353140C0,12,12,Baylor,S&W,Med,Ctr-Round,Rock-TX,Radiology-Diagnostic,2353420C0,3,3,General,Surgery,2353440C0,4,4,Round,Rock,Code,Quota,Matched,Driscoll,Childrens,Hosp-TX,Family,Medicine,2318120C0,6,6,Internal,Medicine,2318140C0,6,6,Corpus,Christi,Code,Quota,Matched,Baylor,Scott,&,White,Med,Ctr-TX,Pediatrics,1703320C0,18,18,Temple,Code,Quota,Matched,HCA,Corpus,Christi,Med,Ctr-TX,Anesthesiology,1725040C0,12,12,Corpus,Christi,Code,Quota,Matched,Anesthesiology,1725040R0,1,1,Dermatology,2110080R0,1,1,Dermatology,1725080A0,4,4,Internal,Medicine,2110140C0,6,1,Emergency,Medicine,1725110C0,14,14,HCA,Houston,Healthcare/U,Houston-TX,Family,Medicine,1725120C0,6,5,Internal,Medicine,1725140C0,24,24,Houston,Code,Quota,Matched,Medicine-Preliminary,1725140P0,8,8,Emergency,Medicine,2211110C0,13,12,Med-Prelim/Radiology,1725140P2,5,5,Internal,Medicine,2211140C0,29,29,Neurological,Surgery,1725160C0,2,2,Internal,Medicine,2211140C1,25,25,Neurology,1725180C0,4,4,General,Surgery,2211440C0,4,4,Obstetrics-Gynecology,1725220C0,5,5,Transitional/Kingwood,2211999P1,13,13,Orthopaedic,Surgery,1725260C0,4,4,HCA,Las,Palmas,del,Sol,Healthcare-TX,Otolaryngology,1725280C0,2,2,Pathology,1725300C0,4,4,El,Paso,Code,Quota,Matched,Pediatrics,1725320C0,7,7,Internal,Medicine,2188140C0,15,10,Plastic,Surgery,(Integrated),1725362C0,2,2,Obstetrics-Gynecology,2188220C0,6,4,Psychiatry,1725400C0,5,5,HCA,Medical,City,Healthcare-TX,Radiology-Diagnostic,1725420A0,7,7,Radiology-Diagnostic,1725420R0,1,1,Dallas,Code,Quota,Matched,General,Surgery,1725440C0,6,6,Dermatology/Fort,Worth,2244080A0,2,1,Baylor,Univ,Med,Ctr-Dallas-TX,Dermatology/Fort,Worth,2244080R0,1,1,Emergency,Medicine,2244110C0,8,8,Dallas,Code,Quota,Matched,Family,Medicine/Fort,Worth,2244120C1,3,3,Dermatology,1706080A0,2,2,Internal,Medicine/Arlington,2244140C0,30,15,Emergency,Medicine,1706110C0,8,8,Internal,Medicine/Fort,Worth,2244140C1,10,10,Family,Medicine,1706120C0,5,5,Ob-Gyn/Arlington,2244220C0,5,5,Family,Medicine/Waxahachie,1706120C1,4,4,Orthopaedic,Surgery,2244260C0,3,3,Internal,Medicine,1706140C0,16,16,General,Surgery/Arlington,2244440C0,7,7,Medicine-Preliminary,1706140P0,3,3,Transitional,2244999P0,12,12,Obstetrics-Gynecology,1706220C0,5,5,John,Peter,Smith,Hosp-TX,Orthopaedic,Surgery,1706260C0,3,3,Pathology,1706300C0,5,5,Fort,Worth,Code,Quota,Matched,Phys,Medicine,&,Rehab,1706340A0,3,3,Emergency,Medicine,1711110C0,15,15,Radiology-Diagnostic,1706420A0,2,2,Family,Medicine,1711120C0,24,24,Radiology-Diagnostic,1706420C0,5,5,Results,and,Data,2024,Main,Residency,Match®,144
NRMP,Program,Results,2024,Main,Residency,Match®,John,Peter,Smith,Hosp-TX,(Continued),TIGMER-TX,Obstetrics-Gynecology,1711220C0,5,5,San,Antonio,Code,Quota,Matched,Orthopaedic,Surgery,1711260C0,4,4,Family,Medicine/San,Antonio,2169120C0,8,5,Psychiatry,1711400C0,10,10,Family,Medicine/Laredo,2169120C1,8,8,Transitional,1711999P1,12,12,Internal,Medicine/San,Antonio,2169140C0,15,15,Memorial,Hermann,Hosp-TX,Medicine-Primary/Laredo,2169140M0,8,8,Psychiatry,2169400C0,12,12,Sugar,Land,Code,Quota,Matched,Texas,A&M-Bryan/College,Station,Family,Medicine,1785120C0,14,14,Methodist,Health,System,Dallas-TX,Bryan,Code,Quota,Matched,Family,Medicine,1713120C0,10,10,Dallas,Code,Quota,Matched,Psychiatry,1713400C0,4,4,Family,Medicine,1707120C0,6,6,Texas,Health,Resources,Internal,Medicine,1707140C0,13,13,Obstetrics-Gynecology,1707220C0,3,3,Arlington,Code,Quota,Matched,General,Surgery,1707440C0,3,3,Internal,Med/Harris,Methodist,2279140C0,10,10,Surgery-Preliminary,1707440P0,3,2,Internal,Medicine/HEB,Denton,2279140C1,20,20,Methodist,Healthcare,Sys-San,Antonio-TX,Internal,Med/Presbyterian,Plano,2279140C2,10,10,Internal,Med/Presbyterian,Dallas,2279140C3,6,6,San,Antonio,Code,Quota,Matched,Medi-Prelim/Presbyterian,Dallas,2279140P0,6,6,Internal,Medicine,1535140C0,15,0,General,Surgery/Harris,Methodist,2279440C0,3,3,Surgery-General,1535440C0,4,4,Texas,Rehab,Hosp,Fort,Worth,Methodist,Hospital-Houston-TX,Fort,Worth,Code,Quota,Matched,Houston,Code,Quota,Matched,Phys,Medicine,&,Rehab,2374340C0,6,6,Anesthesiology,1167040C0,6,6,Texas,Tech,U,Affil-Amarillo,Family,Medicine,1167120C0,8,8,Internal,Medicine,1167140C0,17,17,Amarillo,Code,Quota,Matched,Internal,Medicine/Woodlands,1167140C1,6,6,Family,Medicine,2993120C0,8,5,Neurology,1167180C0,7,7,Internal,Medicine,2993140C0,13,13,Obstetrics-Gynecology,1167220C0,5,5,Obstetrics-Gynecology,2993220C0,3,3,Orthopaedic,Surgery,1167260C0,3,3,Pediatrics,2993320C0,7,7,Otolaryngology,1167280C0,2,2,Texas,Tech,U,Affil-El,Paso,Pathology,1167300C0,6,6,Pathology/Clinical,1167300C1,0,0,El,Paso,Code,Quota,Matched,Radiology-Diagnostic,1167420A0,5,5,Emergency,Medicine,1710110C0,12,12,General,Surgery,1167440C0,6,6,Family,Medicine,1710120C0,8,6,Surgery-Preliminary,1167440P0,2,2,Family,Medicine/Transmountain,1710120C1,6,6,Vascular,Surgery,1167451C0,2,2,Internal,Medicine,1710140C0,17,17,Prime,South,Consortium-TX,Internal,Med/Transmountain,1710140C2,10,10,Neurology,1710180A0,4,4,Weslaco,Code,Quota,Matched,Obstetrics-Gynecology,1710220C0,5,5,Internal,Medicine,2408140C0,15,15,Pathology,1710300C0,3,3,Project,Vida,Health,Ctr-TX,Pediatrics,1710320C0,13,13,Psychiatry,1710400C0,8,8,El,Paso,Code,Quota,Matched,Psychiatry/Transmountain,1710400C1,4,4,Psychiatry,2386400C0,3,3,Radiology-Diagnostic,1710420A0,3,3,Sam,Houston,State,Univ,COM-TX,General,Surgery,1710440C0,4,4,Surgery-Preliminary,1710440P0,2,2,Conroe,Code,Quota,Matched,Texas,Tech,U,Affil-Lubbock,Family,Medicine,2291120C0,4,3,Shannon,Medical,Center-TX,Lubbock,Code,Quota,Matched,Anesthesiology,2973040C0,4,4,San,Angelo,Code,Quota,Matched,Dermatology,2973080A0,3,3,Family,Medicine,2387120C0,6,6,Emergency,Medicine,2973110C0,8,8,So,TX,Hlth,Sys,GME,Consortium,Family,Medicine,2973120C0,9,9,Internal,Medicine,2973140C0,14,14,Mcallen,Code,Quota,Matched,Medicine-Preliminary,2973140P0,2,2,Family,Medicine,2407120C0,10,10,Neurology,2973180C0,5,5,St,Davids,Healthcare,GME-TX,Obstetrics-Gynecology,2973220C0,4,4,Orthopaedic,Surgery,2973260C0,4,4,Austin,Code,Quota,Matched,Otolaryngology,2973280C0,1,0,Obstetrics-Gynecology,2285220C0,5,5,Pediatrics,2973320C0,8,8,General,Surgery,2285440C0,5,5,Phys,Medicine,&,Rehab,2973340C0,2,2,Results,and,Data,2024,Main,Residency,Match®,145
NRMP,Program,Results,2024,Main,Residency,Match®,Texas,Tech,U,Affil-Lubbock,(Continued),U,Texas,MD,Anderson,Cancer,Ctr,Psychiatry,2973400C0,4,4,Houston,Code,Quota,Matched,Psychiatry/CAP,2973400C1,2,2,Radiation,Oncology,1004430A0,6,6,General,Surgery,2973440C0,5,5,U,Texas,Med,Branch-Galveston,Surgery-Preliminary,2973440P0,4,0,Texas,Tech,U,Affil-Permian,Basin,Galveston,Code,Quota,Matched,Anesthesiology,1714040C0,16,16,Odessa,Code,Quota,Matched,Anesthesiology,1714040R0,4,4,Family,Medicine/Odessa,3124120C0,11,11,Dermatology,1714080A0,6,6,Family,Med/Rural-Ft,Stockton,3124120C2,1,1,Emergency,Medicine,1714110C1,5,5,Family,Med/Rural-Sweetwater,3124120C3,1,1,Family,Medicine,1714120C0,12,10,Family,Med/Rural-Alpine,3124120C4,1,1,Internal,Medicine,1714140C0,29,29,Family,Med/Rural-Pecos,3124120C5,1,1,Medicine-Preliminary,1714140P0,5,5,Family,Med/Rural-Carlsbad,3124120C6,1,1,Neurological,Surgery,1714160C0,1,1,Family,Med/Rural-Hobbs,3124120C7,1,1,Neurology,1714180C0,7,7,Family,Medicine/Midland,3124120C8,4,4,Obstetrics-Gynecology,1714220C0,9,9,Internal,Medicine,3124140C0,17,17,Orthopaedic,Surgery,1714260C0,5,5,Obstetrics-Gynecology,3124220C0,4,4,Otolaryngology,1714280C0,3,3,Psychiatry,3124400C0,4,4,Pathology,1714300C0,8,8,General,Surgery,3124440C1,2,2,Pediatrics,1714320C0,14,11,Texoma,Med,Ctr-TX,Plastic,Surgery,(Integrated),1714362C0,4,4,Psychiatry,1714400C0,9,9,Denison,Code,Quota,Matched,Psychiatry/Child,Psych,1714400C1,1,1,Family,Medicine,2234120C0,8,8,Interventional,Radiology,(Integ),1714416C0,1,1,U,Texas,HSC-San,Antonio,Radiology-Diagnostic,1714420A0,6,6,Radiation,Oncology,1714430A0,1,0,San,Antonio,Code,Quota,Matched,General,Surgery,1714440C0,7,7,Anesthesiology,1722040C0,15,15,Surgery-Preliminary,1714440P2,2,2,Dermatology,1722080A0,3,3,Vascular,Surgery,1714451C0,2,2,Emergency,Medicine,1722110C0,10,10,Medicine-Prev,Med/Aerospace,1714751C0,0,0,Family,Medicine,1722120C0,14,14,U,Texas,Med,Sch-Houston,Internal,Medicine,1722140C0,30,30,Internal,Med/Adv,IM,Skill,1722140C4,4,4,Houston,Code,Quota,Matched,Medicine-Preliminary,1722140P0,6,6,Anesthesiology,2923040C0,24,24,Med-Prelim/Ophthalmology,1722140P4,3,3,Anesthesiology/Research,2923040C1,2,2,Neurological,Surgery,1722160C0,1,1,Anesthesiology,2923040R0,4,4,Neurology,1722180C0,9,9,Dermatology,2923080A0,7,7,Obstetrics-Gynecology,1722220C0,9,9,Emergency,Medicine,2923110C0,21,21,Orthopaedic,Surgery,1722260C0,7,7,Family,Medicine/HH/LBJ,2923120C0,12,12,Otolaryngology,1722280C0,2,2,Internal,Medicine,2923140C0,42,42,Pathology,1722300C0,4,4,Medicine-Preliminary,2923140P0,12,12,Pediatrics,1722320C0,15,15,Med-Prelim/Radiation,Onc,2923140P1,2,2,Phys,Medicine,&,Rehab,1722340C0,8,8,Neurological,Surgery,2923160C0,3,3,Psychiatry,1722400C0,10,10,Neurology,2923180C0,12,12,Interventional,Radiology,(Integ),1722416A0,2,2,Child,Neurology,2923185C0,3,3,Radiology-Diagnostic,1722420A0,11,11,Obstetrics-Gynecology,2923220C0,12,12,Radiation,Oncology,1722430A0,1,1,Orthopaedic,Surgery,2923260C0,6,6,General,Surgery,1722440C0,6,6,Otolaryngology,2923280C0,3,3,Surgery-Preliminary,1722440P0,10,10,Pathology,2923300C0,5,5,Thoracic,Surgery,1722461C0,1,1,Pediatrics,2923320C0,24,24,U,Texas,HSC-Tyler,Phys,Medicine,&,Rehab,2923340C0,4,4,Plastic,Surgery,(Integrated),2923362C0,2,2,Tyler,Code,Quota,Matched,Psychiatry,2923400C0,14,14,Anesthesiology,3626040C0,6,6,Psychiatry/Child,Psych,2923400C1,3,3,Family,Medicine,3626120C0,8,8,Psychiatry/Research,2923400C2,3,3,Family,Medicine/Rural,3626120C1,2,2,Interventional,Radiology,(Integ),2923416A0,3,3,Family,Medicine/Athens,3626120C2,6,6,Radiology-Diagnostic,2923420A0,10,10,Internal,Medicine/Tyler,3626140C1,20,20,Radiology-Diagnostic/Funded,2923420A2,1,1,Psychiatry,3626400C0,6,6,General,Surgery,2923440C0,7,7,Psychiatry/Pittsburg,3626400C1,4,4,Surg-Prelim/Non-designated,2923440P0,9,9,General,Surgery,3626440C0,3,3,Surg-Prelim/OMFS,2923440P2,3,3,Transitional,3626999P0,6,6,Surg-Prelim/Funded,2923440P3,2,1,Vascular,Surgery,2923451C0,2,2,Medicine-Pediatrics,2923700C0,8,8,Pediatrics-Medical,Genetics,2923765C0,1,1,Results,and,Data,2024,Main,Residency,Match®,146
NRMP,Program,Results,2024,Main,Residency,Match®,U,Texas,Rio,Grande,Valley,Radiology-Diagnostic,1793420A0,4,4,General,Surgery,1793440C0,4,4,Harlingen,Code,Quota,Matched,Surgery-Preliminary,1793440P0,4,1,Family,Medicine/Knapp,1825120C2,6,6,Transitional,1793999P0,6,6,Internal,Medicine/VBMC-Harlingen1825140C0,10,10,Waco,Family,Medicne,Institute-TX,Internal,Medicine/Knapp,1825140C2,12,12,Psychiatry,1825400C0,5,5,Waco,Code,Quota,Matched,General,Surgery/Valley,Baptist,MC,1825440C1,2,2,Family,Medicine,1735120C0,12,12,U,Texas,Southwestern,Med,Sch-Dallas,William,Beaumont,Army,Med,Ctr-TX,Dallas,Code,Quota,Matched,El,Paso,Code,Quota,Matched,Anesthesiology,2835040C0,20,20,Internal,Medicine/El,Paso,VA,1717140C0,4,1,Anesthesiology,2835040R0,4,4,Orthopaedic,Surgery,1717260C0,1,1,Dermatology,2835080A0,8,8,UTAH,Emergency,Medicine,2835110C0,26,26,Intermountain,Med,Ctr-UT,Family,Medicine,2835120C0,14,14,Internal,Medicine,2835140C0,54,54,Murray,Code,Quota,Matched,Internal,Medicine/PSTP,2835140C3,7,7,Transitional,1729999P0,8,8,Internal,Medicine/Geriatics,2835140C4,0,0,McKay-Dee,Hospital,Ctr-UT,Medicine-Preliminary,2835140P0,6,6,Neurological,Surgery,2835160C0,3,3,Ogden,Code,Quota,Matched,Neurology,2835180C0,11,11,Family,Medicine,1736120C0,7,7,Child,Neurology/Neuroscience,2835185C0,0,0,University,of,Utah,Health,Child,Neurology,2835185C1,5,5,Obstetrics-Gynecology,2835220C0,18,18,Salt,Lake,City,Code,Quota,Matched,Orthopaedic,Surgery,2835260C0,6,6,Anesthesiology,1732040A0,4,4,Otolaryngology,2835280C0,5,5,Anesthesiology/Trans,1732040C0,5,5,Pathology,2835300C0,9,9,Anesthesiology/IM,1732040C1,5,5,Pediatrics,2835320C0,32,32,Anesthesiology,1732040R0,1,1,Pediatrics/PSTP2,2835320C2,2,2,Dermatology,1732080A0,3,3,Phys,Medicine,&,Rehab,2835340A0,3,3,Dermatology/IM,1732080C0,1,1,Phys,Medicine,&,Rehab,2835340C0,6,6,Emergency,Medicine,1732110C0,12,12,Plastic,Surgery,(Integrated),2835362C0,5,5,Family,Medicine,1732120C0,9,9,Psychiatry,2835400C0,11,11,Family,Med/StARR,Research,1732120C1,1,1,Psychiatry/Research,2835400C2,2,2,Internal,Medicine,1732140C0,29,29,Psychiatry/ChildPsych,2835400C3,3,3,Internal,Med/Research,1732140C1,0,0,Psychiatry/Rural,Pub,Mental,Hlth,2835400C4,2,2,Internal,Med/Intl,Partnership,1732140C2,4,3,Interventional,Radiology,(Integ),2835416A0,3,3,Internal,Med/Med-Geri,Pathway,1732140C3,1,1,Radiology-Diagnostic,2835420A0,11,11,Internal,Med/Research-A,1732140C4,0,0,Radiology-Diagnostic/Research,2835420C1,3,0,Med-Prelim/Ophthalmology,1732140P1,4,4,Radiation,Oncology,2835430A0,4,4,Neurological,Surgery,1732160C0,3,3,General,Surgery,2835440C0,13,13,Neurology,1732180C0,8,8,Surgery-Preliminary,2835440P0,13,13,Child,Neurology,1732185C0,3,3,Vascular,Surgery,2835451C0,1,1,Obstetrics-Gynecology,1732220C0,7,7,Medicine-Pediatrics,2835700C0,4,4,Orthopaedic,Surgery,1732260C0,6,6,Medicine-Psychiatry,2835715C0,2,2,Otolaryngology,1732280C0,4,4,Peds/Psych/Child,Psych,2835730C0,4,4,Pathology-AP/CP,Comb,1732300C0,6,6,Psychiatry-Neurology,2835755C0,2,2,Pathology-AP/NP,Comb,1732300C3,0,0,U,Texas,at,Austin,Dell,Medical,School,Pathology/Physician,Scientist,1732300C4,0,0,Pediatrics,1732320C0,23,23,Austin,Code,Quota,Matched,Phys,Medicine,&,Rehab,1732340C0,7,7,Dermatology,1793080A0,4,4,Plastic,Surgery,(Integrated),1732362C0,3,3,Emergency,Medicine,1793110C0,8,8,Psychiatry,1732400C0,9,9,Family,Medicine,1793120C0,7,7,Psychiatry/Research,1732400C1,2,2,Internal,Medicine,1793140C0,17,17,Psychiatry/Rural,Idaho,Track,1732400C2,3,3,Medicine-Primary,1793140M0,4,4,Interventional,Radiology,(Integ),1732416A0,1,1,Medicine-Preliminary,1793140P0,5,5,Radiology-Diagnostic,1732420A0,6,6,Neurological,Surgery,1793160C0,1,1,Radiology-Diagnostic,1732420C0,2,2,Neurology,1793180C0,6,6,Radiation,Oncology,1732430A0,2,2,Neurology/Ascension,1793180C1,4,4,General,Surgery,1732440C0,6,6,Child,Neurology,1793185C0,2,2,Thoracic,Surgery,1732461C0,1,1,Obstetrics-Gynecology,1793220C0,5,5,Medicine-Pediatrics,1732700C0,3,3,Orthopaedic,Surgery,1793260C0,4,4,Peds/Psych/Child,Psych,1732730C0,3,3,Pediatrics,1793320C0,22,22,Pediatrics-Medical,Genetics,1732765C0,1,1,Phys,Medicine,&,Rehab,1793340A0,2,2,Psychiatry,1793400C0,12,12,Results,and,Data,2024,Main,Residency,Match®,147
NRMP,Program,Results,2024,Main,Residency,Match®,Utah,HealthCare,Inst/St,Marks,Emergency,Medicine,2980110C0,10,10,Family,Medicine,2980120C1,16,15,Salt,Lake,City,Code,Quota,Matched,Internal,Medicine,2980140C0,14,14,Family,Medicine,1730120C0,4,4,Internal,Medicine/Geriatrics,2980140C1,1,1,Utah,Valley,Reg,Med,Ctr,Medicine-Preliminary,2980140P0,11,11,Obstetrics-Gynecology,2980220C0,5,5,Provo,Code,Quota,Matched,Otolaryngology,2980280C0,4,4,Family,Medicine,1215120C0,8,8,Pediatrics,2980320C0,28,24,VERMONT,Phys,Medicine,&,Rehab,2980340A0,3,3,Plastic,Surgery,(Integrated),2980362C0,2,2,Univ,of,Vermont,Medical,Center,Psychiatry,2980400C0,6,6,Burlington,Code,Quota,Matched,Radiology-Diagnostic,2980420A0,4,4,General,Surgery,2980440C0,5,5,Anesthesiology,1734040C0,6,6,Vascular,Surgery,2980451C0,1,1,Dermatology,1734080A0,2,2,Emergency,Medicine,1734110C0,6,6,HCA,Healthcare,LGH-Montgomery/VCOM-VA,Family,Medicine,1734120C0,6,6,Blacksburg,Code,Quota,Matched,Internal,Medicine,1734140C0,12,12,Dermatology,2192080A0,2,2,Medicine-Primary,1734140M0,3,3,Family,Medicine,2192120C0,6,3,Medicine-Preliminary,1734140P0,1,1,Internal,Medicine,2192140C0,7,1,Medicine-Preliminary/FAP,1734140P2,2,2,Transitional/Dermatology,2192999P0,2,2,Neurological,Surgery,1734160C0,1,1,Transitional,2192999P1,2,2,Neurology,1734180C0,5,5,Obstetrics-Gynecology,1734220C0,3,3,Inova,Fairfax,Hospital-VA,Orthopaedic,Surgery,1734260C0,3,3,Falls,Church,Code,Quota,Matched,Otolaryngology,1734280C0,1,1,Family,Medicine,3199120C0,9,9,Pathology,1734300C0,4,4,Internal,Medicine,3199140C0,11,11,Pediatrics,1734320C0,7,7,Neurological,Surgery,3199160C0,1,1,Psychiatry,1734400C0,3,3,Obstetrics-Gynecology,3199220C0,6,6,Combined,Adult/Child,Psych,1734400C1,2,2,Pediatrics,3199320C0,13,12,Radiology-Diagnostic,1734420A0,6,6,General,Surgery,3199440C0,7,7,General,Surgery,1734440C0,4,4,Surgery-Preliminary,1734440P0,4,4,Johnston,Memorial,Hosp-VA,VIRGINIA,Abingdon,Code,Quota,Matched,Augusta,Health-VA,Family,Medicine,2178120C0,6,6,Internal,Medicine,2178140C0,6,1,Fisherville,Code,Quota,Matched,LewisGale,Med,Ctr-VA,Internal,Medicine,2388140C0,10,10,Bon,Secours,Health,System-VA,Salem,Code,Quota,Matched,Emergency,Medicine,2129110C0,6,2,Midlothian,Code,Quota,Matched,Family,Medicine,2129120C0,8,3,Family,Medicine/St,Francis,2530120C0,8,8,Internal,Medicine,2129140C0,20,4,Family,Medicine/Blackstone,2530120C1,2,2,Psychiatry,2129400C0,8,8,Fam,Med/St,Francis,3,Yr,Path,2530120C2,1,1,Transitional,2129999P0,15,9,Fam,Med/Blackstone,3,Yr,Path,2530120C3,1,1,Liberty,Univ,COM-VA,Carilion,Clinic-Virginia,Tech,Carilion,SOM,Lynchburg,Code,Quota,Matched,Roanoke,Code,Quota,Matched,Osteo,Neuromusculo,Med,2204275C0,3,2,Dermatology,1748080A0,2,2,Lynchburg,Fam,Med,Res-VA,Emergency,Medicine,1748110C0,11,11,Family,Medicine,1748120C0,10,9,Lynchburg,Code,Quota,Matched,Internal,Medicine,1748140C0,23,23,Family,Medicine,3065120C0,9,7,Medicine-Preliminary,1748140P0,3,3,Mary,Washington,Healthcare-VA,Neurological,Surgery,1748160C0,1,1,Neurology,1748180C0,4,4,Fredericksburg,Code,Quota,Matched,Obstetrics-Gynecology,1748220C0,4,4,Family,Medicine,2347120C0,6,3,Orthopaedic,Surgery,1748260C0,4,4,Internal,Medicine,2347140C0,15,15,Pediatrics,1748320C0,6,4,Surgery-General,2347440C0,2,2,Plastic,Surgery,(Integrated),1748362C0,2,2,Transitional,2347999P0,12,12,Psychiatry,1748400C0,8,8,Riverside,Reg,Med,Ctr-VA,General,Surgery,1748440C0,5,5,Surgery-Preliminary,1748440P0,4,1,Newport,News,Code,Quota,Matched,Eastern,Virginia,Med,School,Emergency,Medicine,1739110C0,8,7,Family,Medicine,1739120C0,13,12,Norfolk,Code,Quota,Matched,Internal,Medicine,1739140C0,8,8,Dermatology,2980080A0,2,2,Results,and,Data,2024,Main,Residency,Match®,148
NRMP,Program,Results,2024,Main,Residency,Match®,Riverside,Reg,Med,Ctr-VA,(Continued),Otolaryngology,1743280C0,3,3,Pathology,1743300C0,5,5,Obstetrics-Gynecology,1739220C0,3,3,Pediatrics,1743320C0,16,16,Transitional,1739999P0,12,12,Pediatrics/3-yr,MD,Path,1743320C1,1,1,Sovah,Health-Danville-VA,Phys,Medicine,&,Rehab,1743340A0,6,6,Plastic,Surgery,(Integrated),1743362C0,2,2,Danville,Code,Quota,Matched,Psychiatry,1743400C0,10,10,Family,Medicine,2145120C0,6,1,Psychiatry/Research,1743400C1,0,0,Internal,Medicine,2145140C0,10,6,Psychiatry/CAP,Fast,Trk,1743400C2,1,1,University,of,Virginia,Interventional,Radiology,(Integ),1743416A0,2,2,Radiology-Diagnostic,1743420A0,7,7,Charlottesville,Code,Quota,Matched,Radiation,Oncology,1743430A0,2,2,Anesthesiology,1737040A0,2,2,General,Surgery,1743440C0,6,6,Anesthesiology,1737040C0,14,14,Surgery-Preliminary,1743440P0,6,1,Anesthesiology,1737040R0,2,2,Vascular,Surgery,1743451C0,1,1,Dermatology,1737080A0,3,3,Medicine-Pediatrics,1743700C0,4,4,Emergency,Medicine,1737110C0,12,12,Medicine-Emergency,Med,1743705C0,2,2,Family,Medicine,1737120C0,10,10,Wellmont,Health,System-VA,Internal,Medicine,1737140C0,28,28,Internal,Medicine/Research,1737140C2,2,2,Big,Stone,Gap,Code,Quota,Matched,Medicine-Primary,1737140M0,3,3,Family,Medicine,2216120C0,6,5,Medicine-Preliminary,1737140P0,3,3,Internal,Medicine,2216140C0,9,4,Neurological,Surgery,1737160C0,3,3,WASHINGTON,Neurology,1737180C0,6,6,Neurology,1737180R0,1,1,Central,WA,Family,Med,Child,Neurology,1737185C0,1,1,Yakima,Code,Quota,Matched,Obstetrics-Gynecology,1737220C0,5,5,Family,Medicine,3059120C0,9,9,Orthopaedic,Surgery/5,Yr,1737260C0,5,5,Family,Med/Ellensburg,Rural,3059120C1,1,1,Otolaryngology,1737280C0,3,3,Pathology,1737300C0,5,5,Community,Health,Care-WA,Pediatrics,1737320C0,12,11,Tacoma,Code,Quota,Matched,Phys,Medicine,&,Rehab,1737340A0,2,2,Family,Medicine,1731120C0,8,8,Phys,Medicine,&,Rehab,1737340C0,2,2,Plastic,Surgery,(Integrated),1737362C0,2,2,Elson,S,Floyd,COM,WSU-WA,Psychiatry,1737400C0,11,11,Spokane,Code,Quota,Matched,Interventional,Radiology,(Integ),1737416C0,3,3,Family,Medicine,2276120C0,3,3,Radiology-Diagnostic,1737420A0,8,8,Internal,Medicine,2276140C0,12,12,Radiation,Oncology,1737430A0,1,1,Medicine-Preliminary,2276140P0,2,2,General,Surgery,1737440C0,6,6,Pediatrics,2276320C0,6,4,Surgery-Preliminary,1737440P1,6,1,Thoracic,Surgery,1737461C0,1,1,Kadlec,Regional,Med,Ctr-WA,VCU-Shenandoah,Valley-VA,Richland,Code,Quota,Matched,Front,Royal,Code,Quota,Matched,Family,Medicine,1721120C0,8,6,Family,Medicine,1742120C0,5,5,Kaiser,Permanente,Washington,Virginia,Commonwealth,U,Hlth,Sys,Seattle,Code,Quota,Matched,Richmond,Code,Quota,Matched,Family,Medicine/Capitol,Hill,1811120C0,4,4,Family,Medicine/Burien,1811120C1,2,2,Anesthesiology,1743040C0,9,9,Anesthesiology/3-yr,MD,Path,1743040C1,2,2,Legacy,Salmon,Creek,Med,Ctr-WA,Anesthesiology,1743040R0,4,4,Vancouver,Code,Quota,Matched,Dermatology,1743080A0,2,2,Internal,Medicine,2301140C0,12,12,Emergency,Medicine,1743110C0,12,12,Family,Medicine/CMH,1743120C2,3,3,MultiCare,Health,System-WA,Internal,Medicine,1743140C0,32,30,Tacoma,Code,Quota,Matched,Internal,Medicine/Geriatrics,1743140C3,0,0,Family,Medicine/Good,Samaritan,1574120C0,6,4,Internal,Medicine/3-yr,MD,Path,1743140C4,1,1,Family,Medicine/Omak,Rural,1574120C1,2,1,Medicine-Preliminary,1743140P0,6,3,Family,Medicine/Tacoma,1574120C2,8,8,Med-Prelim/Neurology,1743140P1,8,8,Med-Prelim/PM&R,1743140P2,2,2,PeaceHealth,Southwest,Med,Ctr-WA,Med-Prelim/Ophthalmology,1743140P3,4,4,Vancouver,Code,Quota,Matched,Neurological,Surgery,1743160C0,2,2,Family,Medicine,1143120C0,8,8,Neurology,1743180A0,8,8,Child,Neurology,1743185C0,1,1,Obstetrics-Gynecology,1743220C0,6,6,Orthopaedic,Surgery,1743260C0,5,5,Results,and,Data,2024,Main,Residency,Match®,149
NRMP,Program,Results,2024,Main,Residency,Match®,Providence,Sacred,Heart,Med,Ctr-WA,Neurology,1918180C0,10,10,Child,Neurology,1918185C0,4,4,Spokane,Code,Quota,Matched,Obstetrics-Gynecology,1918220C0,7,7,Family,Medicine,1758120C0,10,10,Orthopaedic,Surgery,1918260C0,8,8,Family,Med/Rural,1758120C1,2,2,Otolaryngology,1918280C0,5,5,Internal,Medicine,1758140C0,10,10,Pathology-AP,&,CP,1918300C0,5,5,Phys,Medicine,&,Rehab,1758340A0,6,6,Pathology-AP,only,1918300C1,1,1,Psychiatry,1758400C0,4,4,Pathology-CP,only,1918300C2,1,1,Transitional,1758999P0,11,11,Pathology-AP,&,NP,1918300C3,1,1,Providence,St,Peter,Hospital-WA,Pediatrics,1918320C0,34,34,Pediatrics/Alaska,1918320C1,4,4,Olympia,Code,Quota,Matched,Pediatrics/Research,1918320C2,0,0,Family,Medicine,3198120C0,7,7,Pediatrics/Health,Equity,1918320C3,4,4,Family,Medicine/Chehalis,3198120C1,3,1,Phys,Medicine,&,Rehab,1918340A0,5,5,Family,Med/Summit,Pacific,3198120C2,2,1,Phys,Medicine,&,Rehab,1918340C0,3,3,Puyallup,Tribal,Health,Authority-WA,Plastic,Surgery,(Integrated),1918362C0,5,5,Psychiatry,1918400C0,16,16,Tacoma,Code,Quota,Matched,Psychiatry/Research,1918400C4,3,3,Family,Medicine,2209120C0,4,4,Interventional,Radiology,(Integ),1918416A0,3,3,Sea,Mar,Community,Health,Ctrs-WA,Radiology-Diagnostic,1918420A0,10,10,Radiation,Oncology,1918430A0,3,3,Seattle,Code,Quota,Matched,General,Surgery,1918440C0,3,3,Family,Medicine,1912120C0,12,12,General,Surgery/Research,1918440C1,5,5,Skagit,Regional,Health-WA,Surgery-Preliminary/2,yr,1918440P0,3,2,Surgery-Preliminary/1,yr,1918440P3,12,5,Mount,Vernon,Code,Quota,Matched,Vascular,Surgery,1918451C0,2,2,Family,Medicine,2159120C0,4,3,Thoracic,Surgery,1918461C0,1,1,Internal,Medicine,2159140C0,7,7,Pediatrics-Medical,Genetics,1918765C0,0,0,Swedish,Med,Ctr-WA,Valley,Med,Ctr-WA,Seattle,Code,Quota,Matched,Renton,Code,Quota,Matched,Family,Med/First,Hill,1755120C0,6,6,Family,Medicine,3132120C0,8,6,Family,Med/Downtown,1755120C1,3,3,Virginia,Mason,Franciscan,Health-WA,Family,Med/Ballard,1755120C2,2,2,Family,Med/Cherry,Hill,1755120C3,4,4,Seattle,Code,Quota,Matched,Family,Med/SeaMar,1755120C4,2,2,Anesthesiology,1756040A0,3,3,Family,Med/SIHB,1755120C5,2,2,Anesthesiology,1756040C0,6,6,Family,Med/Carolyn,Downs,1755120C7,2,2,Family,Medicine,1756120C0,8,8,Family,Med/ID,Clinic,1755120C8,2,2,Internal,Medicine,1756140C0,6,6,Family,Medicine/Rural,1755120C9,3,3,Internal,Medicine/St,Josephs,1756140C1,13,13,Obstetrics-Gynecology,1755220C0,6,6,Medicine-Primary,1756140M0,4,4,General,Surgery,1755440C0,5,5,Medicine-Preliminary,1756140P0,4,4,Surgery-Preliminary,1755440P0,5,2,Radiology-Diagnostic,1756420A0,1,1,Trios,Health-WA,Radiology-Diagnostic,1756420C0,2,2,General,Surgery,1756440C0,5,5,Kennewick,Code,Quota,Matched,General,Surgery/St,Josephs,1756440C1,2,2,Family,Medicine,2167120C0,4,1,Surgery-Preliminary,1756440P0,6,5,Internal,Medicine,2167140C0,5,5,Transitional,1756999P0,5,5,U,Washington,Affil,Hosps,Yakima,Valley,Farm,Workers,Clinic-WA,Seattle,Code,Quota,Matched,Toppenish,Code,Quota,Matched,Anesthesiology,1918040A0,1,1,Family,Medicine,2168120C0,4,1,Anesthesiology/Clin,Base,Yr,1918040C0,24,24,WEST,VIRGINIA,Anesthesiology/Crit,Care,Comb,1918040C1,0,0,AccessHealth-WV,Anesthesiology/Bonica,Scholar,1918040C2,2,2,Anesthesiology,1918040R0,1,1,Beckley,Code,Quota,Matched,Dermatology,1918080A0,4,4,Family,Medicine,2304120C0,4,2,Emergency,Medicine,1918110C0,18,18,Charleston,Area,Med,Ctr-WV,Family,Medicine,1918120C0,6,6,Family,Med/Harborview,1918120C1,2,2,Charleston,Code,Quota,Matched,Family,Medicine/Chelan,Rural,1918120C2,2,2,Emergency,Medicine,1902110C0,6,3,Internal,Medicine,1918140C0,38,38,Family,Medicine,1902120C0,6,4,Int,Med/Phys/Sci,Research,1918140C3,1,1,Family,Medicine/GVMC,1902120C1,5,3,Medicine-Primary,1918140M0,13,13,Internal,Medicine,1902140C0,13,13,Neurological,Surgery,1918160C0,4,4,Medicine-Preliminary,1902140P0,2,2,Results,and,Data,2024,Main,Residency,Match®,150
NRMP,Program,Results,2024,Main,Residency,Match®,Charleston,Area,Med,Ctr-WV,(Continued),Transitional,1837999P0,5,5,Trans/Radiology,1837999P1,3,3,Neurology,1902180A0,1,1,Trans/Dermatology,1837999P2,1,1,Neurology,1902180C0,3,3,Trans/Ophthalmology,1837999P4,4,4,Obstetrics-Gynecology,1902220C0,3,3,Wheeling,Hospital-WV,Osteo,Neuromusculo,Med,1902275C0,2,2,Pediatrics,1902320C0,7,4,Wheeling,Code,Quota,Matched,Psychiatry,1902400C0,6,6,Family,Medicine,1770120C0,6,5,General,Surgery,1902440C0,6,6,WISCONSIN,Surgery-Preliminary,1902440P0,1,0,Vascular,Surgery,1902451C0,1,1,Aurora,Health,Care/ASMC-WI,Medicine-Psychiatry,1902715C0,2,2,Milwaukee,Code,Quota,Matched,Marshall,Community,Health-WV,Family,Med/Lakeland,1787120C1,4,3,Huntington,Code,Quota,Matched,Internal,Medicine,1787140C0,13,13,Medicine-Primary,1787140M0,2,2,Family,Medicine,2191120C0,4,4,Obstetrics-Gynecology,1787220C0,3,3,General,Surgery/Rural,2191440C0,3,3,Aurora,St,Lukes,Medical,Ctr-WI,Marshall,University,SOM-WV,Huntington,Code,Quota,Matched,Millwaukee,Code,Quota,Matched,Family,Medicine,1789120C0,12,9,Family,Medicine,3066120C0,8,6,Interventional,Radiology,(Integ),1789416C0,1,1,Internal,Medicine,3066140C0,17,17,Radiology-Diagnostic,1789420C0,4,4,Medicine-Preliminary,3066140P0,9,3,Transitional,1789999P0,9,9,Neurology,3066180C0,5,5,Obstetrics-Gynecology,3066220C0,3,2,Gundersen,Lutheran,Med,Fdn-WI,Orthopaedic,Surgery,3066260C0,4,4,La,Crosse,Code,Quota,Matched,Pediatrics,3066320C0,7,5,Family,Medicine,1774120C0,6,6,Psychiatry,3066400C0,6,6,Internal,Medicine,1774140C0,8,6,General,Surgery,3066440C0,4,4,General,Surgery,1774440C0,4,4,Surgery-Preliminary,3066440P0,3,1,Transitional,1774999P0,12,12,Medicine-Pediatrics,3066700C0,2,2,Marshfield,Clinic-WI,United,Hospital,Ctr-WV,Bridgeport,Code,Quota,Matched,Marshfield,Code,Quota,Matched,Dermatology,1780080A1,2,2,Family,Medicine,2985120C0,6,6,Internal,Medicine,1780140C0,9,9,West,Virginia,University,SOM,Pediatrics,1780320C0,6,6,Morgantown,Code,Quota,Matched,General,Surgery,1780440C0,3,3,Medicine-Pediatrics,1780700C0,2,2,Anesthesiology,1837040C0,9,9,Anesthesiology,1837040R0,1,1,Med,Coll,Wisconsin,Affil,Hosps,Dermatology,1837080A0,3,3,Milwaukee,Code,Quota,Matched,Dermatology,1837080R1,2,2,Anesthesiology,1784040C0,19,19,Emergency,Medicine,1837110C0,7,7,Anesthesiology,1784040R0,2,2,Family,Medicine,1837120C0,2,2,Dermatology,1784080A0,5,5,Internal,Medicine,1837140C0,25,25,Emergency,Medicine,1784110C0,12,12,Internal,Med/Funded,Intl,1837140C1,3,3,Fam,Med/Froedtert,Menomee,Falls,1784120C5,6,4,Internal,Med/Camden,Clark,1837140C2,6,6,Fam,Med/South,Side,Milwaukee,1784120C6,6,6,Neurological,Surgery,1837160C0,2,2,Fam,Med/North,Side,Milwaukee,1784120C7,14,14,Neurology,1837180C0,7,7,Internal,Medicine,1784140C0,25,25,Obstetrics-Gynecology,1837220C0,2,2,Internal,Medicine/Geriatrics,1784140C1,2,2,Orthopaedic,Surgery,1837260C0,3,3,Int,Med/Research,Path,1784140C2,0,0,Ortho,Surgery/Research,1837260C1,1,1,Medicine-Primary,1784140M0,1,1,Otolaryngology,1837280C0,3,3,Medicine-Preliminary,1784140P0,14,14,Pathology,1837300C0,1,1,Neurological,Surgery,1784160C0,2,2,Pediatrics,1837320C0,4,4,Neurology,1784180C0,6,6,Plastic,Surgery,(Integrated),1837362C0,1,1,Child,Neurology,1784185C0,2,2,Psychiatry,1837400C0,8,8,Obstetrics-Gynecology,1784220C0,5,5,Psychiatry/Funded,Intl,1837400C1,1,1,Orthopaedic,Surgery,1784260C0,5,5,Psychiatry/Rural,1837400C2,1,1,Otolaryngology,1784280C0,3,3,Radiology-Diagnostic,1837420A0,7,7,Pathology,1784300C0,5,5,Radiology-Diagnostic,1837420R0,1,1,Pediatrics,1784320C0,23,23,Radiation,Oncology,1837430A0,1,1,Pediatrics-Preliminary,1784320P0,1,1,General,Surgery,1837440C0,5,5,Phys,Medicine,&,Rehab,1784340A0,6,6,Surgery-Preliminary,1837440P1,3,3,Plastic,Surgery,(Integrated),1784362C0,2,2,Surg-Prelim/Radiology,1837440P3,1,1,Psychiatry/Milwaukee,1784400C0,8,8,Medicine-Pediatrics,1837700C0,3,3,Results,and,Data,2024,Main,Residency,Match®,151
NRMP,Program,Results,2024,Main,Residency,Match®,Med,Coll,Wisconsin,Affil,Hosps,(Continued),WiNC,GME,Consortium-WI,Psychiatry/Northeastern,WI,1784400C1,4,4,Wausau,Code,Quota,Matched,Interventional,Radiology,(Integ),1784416C0,2,2,Family,Medicine/Aspirus-Wausau,2262120C2,4,4,Radiology-Diagnostic,1784420A0,7,7,Fam,Med/MCW-Prevea-Green,Bay,2262120C3,6,5,Radiation,Oncology,1784430A0,2,2,Fam,Med/MCW-Fox,Vly-Appleton,2262120C4,7,7,General,Surgery,1784440C0,7,7,Psychiatry/MCW-Wausau,2262400C0,3,3,General,Surgery/Rural,1784440C1,1,1,WYOMING,Medicine-Pediatrics,1784700C0,6,6,Internal,Medicine/Psychiatry,1784715C0,2,2,Univ,of,Wyoming-Casper,Pediatrics-Anesthesiology,1784726C0,1,1,Casper,Code,Quota,Matched,Transitional/St,Joseph,1784999P0,14,14,Family,Medicine,3089120C0,8,8,Mercy,Health,System-WI,Family,Medicine/Rural,3089120C1,1,1,Janesville,Code,Quota,Matched,Univ,of,Wyoming-Cheyenne,Family,Medicine,3722120C0,7,7,Cheyenne,Code,Quota,Matched,Family,Medicine/Rural,3722120C1,2,2,Family,Medicine,2034120C0,6,3,ProHealth,Waukesha,Mem,Hosp-WI,Waukesha,Code,Quota,Matched,Family,Medicine,2280120C0,6,6,U,Wisconsin,Hospital,and,Clinics,Madison,Code,Quota,Matched,Anesthesiology,1779040A0,0,0,Anesthesiology,1779040C0,16,16,Anesthesiology,1779040R0,1,1,Dermatology,1779080A0,5,5,Emergency,Medicine,1779110C0,13,13,Internal,Medicine,1779140C0,29,29,Internal,Med/Physician,Scientist,1779140C1,0,0,Internal,Medicine/PSTP-HemOnc,1779140C2,2,2,Internal,Medicine/PSTP-PulmCC,1779140C3,0,0,Internal,Medicine/PSTP-GI,1779140C4,0,0,Medicine-Primary,1779140M0,4,4,Med-Prelim/Radiation,Onc,1779140P1,1,1,Med-Prelim/Radiology,1779140P2,2,2,Neurological,Surgery,1779160C0,3,3,Neurology,1779180C0,7,7,Child,Neurology,1779185C0,1,1,Obstetrics-Gynecology,1779220C0,6,6,Obstetrics-Gynecology/Rural,1779220C1,1,1,Orthopaedic,Surgery,1779260C0,6,6,Otolaryngology,1779280C0,4,4,Pathology/AP,and,CP,1779300C0,4,4,Pathology/AP-only,or,CP-only,1779300C1,1,1,Pediatrics,1779320C0,16,15,Pediatrics/PSTP,1779320C1,0,0,Phys,Medicine,&,Rehab,1779340A0,4,4,Plastic,Surgery,(Integrated),1779362C0,3,3,Psychiatry,1779400C0,10,10,Interventional,Radiology,(Integ),1779416A0,2,2,Radiology-Diagnostic,1779420A0,8,8,Radiation,Oncology,1779430A0,2,2,General,Surgery/Academic,1779440C0,6,6,General,Surgery/Community,1779440C1,2,2,Surgery-Preliminary,1779440P3,7,0,Surg-Prelim/Radiology,1779440P4,0,0,Surg-Prelim/Int,Radiology,1779440P5,1,1,Vascular,Surgery,1779451C0,1,1,U,Wisconsin,SOM,and,Public,Health,Madison,Code,Quota,Matched,Family,Med/Madison,3001120C0,16,16,Family,Med/Baraboo,3001120C1,2,1,Family,Med/Monroe,3001120C8,3,3,Results,and,Data,2024,Main,Residency,Match®,152
